Designator,Val,Package,Mid X,Mid Y,Rotation,Layer
C2,1uF,C_0603_1608Metric_Pad1.05x0.95mm_HandSolder,164.200000,-68.325000,90.000000,top
C3,1uF,C_0603_1608Metric_Pad1.05x0.95mm_HandSolder,158.400000,-68.425000,90.000000,top
C4,1uF,C_0603_1608Metric_Pad1.05x0.95mm_HandSolder,198.800000,-54.300000,180.000000,top
C5,1uF,C_0603_1608Metric_Pad1.05x0.95mm_HandSolder,132.700000,-60.900000,90.000000,top
C6,1uF,C_0603_1608Metric_Pad1.05x0.95mm_HandSolder,138.400000,-61.000000,90.000000,top
C7,1uF,C_0603_1608Metric_Pad1.05x0.95mm_HandSolder,198.700000,-60.200000,180.000000,top
C8,100nF,C_0603_1608Metric_Pad1.05x0.95mm_HandSolder,185.300000,-84.500000,90.000000,top
C10,1uF,C_0603_1608Metric_Pad1.05x0.95mm_HandSolder,123.600000,-60.900000,90.000000,top
C11,1uF,C_0603_1608Metric_Pad1.05x0.95mm_HandSolder,129.900000,-60.900000,90.000000,top
C12,100nF,C_0603_1608Metric_Pad1.05x0.95mm_HandSolder,197.475000,-105.605000,90.000000,top
C13,100nF,C_0603_1608Metric_Pad1.05x0.95mm_HandSolder,197.275000,-101.505000,90.000000,top
C14,100nF,C_0603_1608Metric_Pad1.05x0.95mm_HandSolder,207.175000,-102.555000,270.000000,top
C15,100nF,C_0603_1608Metric_Pad1.05x0.95mm_HandSolder,183.200000,-105.500000,0.000000,top
C16,100nF,C_0603_1608Metric_Pad1.05x0.95mm_HandSolder,193.600000,-100.800000,270.000000,top
C17,100nF,C_0603_1608Metric_Pad1.05x0.95mm_HandSolder,187.525000,-107.800000,0.000000,top
C19,100nF,C_0603_1608Metric_Pad1.05x0.95mm_HandSolder,192.600000,-85.275000,90.000000,top
C20,100nF,C_0603_1608Metric_Pad1.05x0.95mm_HandSolder,192.400000,-81.175000,90.000000,top
C21,100nF,C_0603_1608Metric_Pad1.05x0.95mm_HandSolder,202.300000,-82.225000,270.000000,top
D1,LBAT54HT1G,D_SOD-323,172.200000,-71.600000,0.000000,top
D2,LBAT54HT1G,D_SOD-323,172.200000,-69.200000,0.000000,top
J1,battery,JST_PH_B2B-PH-K_1x02_P2.00mm_Vertical,176.600000,-69.200000,270,top
J2,Conn_01x02_Male_2.54mm,PinHeader_1x02_P2.54mm_Vertical,124.000000,-82.000000,270,top
J3,DB9_Female_MountingHoles,DSUB-TH_DS1037-09FNAKT74-0CC,116.400000,-87.400000,180.000000,top
J4,Conn_01x02_Male_2.54mm,PinHeader_1x02_P2.54mm_Vertical,131.000000,-93.600000,0,top
J5,Conn_01x02_Male_2.54mm,PinHeader_1x02_P2.54mm_Vertical,143.000000,-81.400000,270,top
J7,Conn_01x03_Female,PinSocket_1x03_P2.54mm_Vertical,207.400000,-109.600000,90,top
J8,USB_C_KoreanHroparts_6P,USB-C-KoreanHroparts,205.300000,-57.000000,0,top
J10,Conn_01x03_Male,PinHeader_1x03_P2.54mm_Vertical,158.500000,-57.000000,270,top
J11,Conn_01x02_Male_2.54mm,PinHeader_1x02_P2.54mm_Vertical,124.000000,-96.000000,90,top
J12,Conn_01x02_Male_2.54mm,PinHeader_1x02_P2.54mm_Vertical,148.100000,-61.600000,0,top
J13,Conn_01x02_Male_2.54mm,PinHeader_1x02_P2.54mm_Vertical,190.900000,-97.000000,0,top
J14,Conn_01x02_Male_2.54mm,PinHeader_1x02_P2.54mm_Vertical,170.400000,-92.000000,0,top
J15,Conn_01x02_Male_2.54mm,PinHeader_1x02_P2.54mm_Vertical,169.900000,-114.100000,0,top
J21,Conn_01x02_Male_2.54mm,PinHeader_1x02_P2.54mm_Vertical,131.000000,-98.000000,0,top
J22,Conn_01x03_Female,PinSocket_1x03_P2.54mm_Vertical,206.700000,-86.400000,90,top
Q1,BSS84,SOT-23,159.150000,-91.650000,180,top
Q2,2N7002,SOT-23,163.600000,-91.650000,180,top
Q3,BSS84,SOT-23,157.950000,-114.870000,180,top
Q4,2N7002,SOT-23,162.400000,-114.870000,180,top
Q5,BSS84,SOT-23,146.900000,-108.000000,90,top
Q6,2N7002,SOT-23,146.900000,-104.100000,90,top
R1,10K 0.1%,R_0603_1608Metric_Pad1.05x0.95mm_HandSolder,131.000000,-89.625000,270.000000,top
R2,1K 0.1%,R_0603_1608Metric_Pad1.05x0.95mm_HandSolder,128.000000,-89.125000,270.000000,top
R3,200,R_0603_1608Metric_Pad1.05x0.95mm_HandSolder,156.400000,-88.000000,270.000000,top
R4,200,R_0603_1608Metric_Pad1.05x0.95mm_HandSolder,160.100000,-87.600000,180.000000,top
R5,100K_0.1%,R_0603_1608Metric_Pad1.05x0.95mm_HandSolder,131.000000,-85.800000,90.000000,top
R6,200,R_0603_1608Metric_Pad1.05x0.95mm_HandSolder,167.700000,-88.300000,90.000000,top
R7,200,R_0603_1608Metric_Pad1.05x0.95mm_HandSolder,171.325000,-87.300000,0.000000,top
R8,100,R_0603_1608Metric_Pad1.05x0.95mm_HandSolder,194.700000,-104.630000,180.000000,top
R9,1M_0.1%,R_1206_3216Metric_Pad1.42x1.75mm_HandSolder,137.200000,-77.812500,90.000000,top
R10,1M_0.1%,R_1206_3216Metric_Pad1.42x1.75mm_HandSolder,137.100000,-91.912500,90.000000,top
R11,5K_0.1%,R_0805_2012Metric_Pad1.15x1.40mm_HandSolder,137.200000,-86.675000,270.000000,top
R12,75K_0.1%,R_0805_2012Metric_Pad1.15x1.40mm_HandSolder,137.175000,-82.700000,270.000000,top
R13,1M_0.1%,R_1206_3216Metric_Pad1.42x1.75mm_HandSolder,130.900000,-81.112500,90.000000,top
R14,100,R_0603_1608Metric_Pad1.05x0.95mm_HandSolder,194.700000,-106.530000,180.000000,top
R15,200,R_0603_1608Metric_Pad1.05x0.95mm_HandSolder,155.900000,-110.025000,270.000000,top
R16,200,R_0603_1608Metric_Pad1.05x0.95mm_HandSolder,159.600000,-109.625000,180.000000,top
R17,100,R_0603_1608Metric_Pad1.05x0.95mm_HandSolder,189.825000,-84.300000,180.000000,top
R18,100,R_0603_1608Metric_Pad1.05x0.95mm_HandSolder,189.825000,-86.200000,180.000000,top
R19,200,R_0603_1608Metric_Pad1.05x0.95mm_HandSolder,167.200000,-110.325000,90.000000,top
R20,200,R_0603_1608Metric_Pad1.05x0.95mm_HandSolder,170.825000,-109.325000,0.000000,top
R21,200,R_0603_1608Metric_Pad1.05x0.95mm_HandSolder,147.100000,-64.400000,0.000000,top
R22,200,R_0603_1608Metric_Pad1.05x0.95mm_HandSolder,147.100000,-66.700000,180.000000,top
R23,200,R_0603_1608Metric_Pad1.05x0.95mm_HandSolder,144.700000,-101.000000,0.000000,top
R24,200,R_0603_1608Metric_Pad1.05x0.95mm_HandSolder,146.800000,-99.300000,180.000000,top
R25,100,R_0603_1608Metric_Pad1.05x0.95mm_HandSolder,186.600000,-97.000000,0.000000,top
R26,10,R_0603_1608Metric_Pad1.05x0.95mm_HandSolder,190.900000,-106.600000,90.000000,top
R27,10K,R_0603_1608Metric_Pad1.05x0.95mm_HandSolder,183.600000,-107.800000,180.000000,top
R28,10K,R_0603_1608Metric_Pad1.05x0.95mm_HandSolder,181.400000,-110.700000,270.000000,top
U1,OPA2376xxDGK,SOIC-8_3.9x4.9mm_P1.27mm,180.200000,-100.900000,180,top
U2,REF3325,SOT-23,135.670000,-60.950000,270,top
U3,LP5907MFX-4.5,SOT-23-5,198.700000,-57.200000,90,top
U4,LP5907MFX-3.3,SOT-23-5,161.400000,-67.400000,0,top
U5,OPA2376xxDGK,SOIC-8_3.9x4.9mm_P1.27mm,181.300000,-82.800000,180,top
U7,AQW212EHAX,SMD-8_L9.8-W6.4-P2.54-LS10.0-BL,160.200000,-80.200000,180,top
U8,AQW212EHAX,SMD-8_L9.8-W6.4-P2.54-LS10.0-BL,171.500000,-80.300000,180,top
U9,REF3030,SOT-23,126.900000,-60.900000,270,top
U11,HX710C,SOP-8_3.9x4.9mm_P1.27mm,202.225000,-104.350000,270,top
U12,HX710C,SOP-8_3.9x4.9mm_P1.27mm,197.350000,-84.020000,270,top
U13,AQW212EHAX,SMD-8_L9.8-W6.4-P2.54-LS10.0-BL,159.700000,-102.225000,180,top
U14,AQW212EHAX,SMD-8_L9.8-W6.4-P2.54-LS10.0-BL,171.000000,-102.325000,180,top
U16,AQW212EHAX,SMD-8_L9.8-W6.4-P2.54-LS10.0-BL,147.000000,-73.000000,270,top
U17,AQW212EHAX,SMD-8_L9.8-W6.4-P2.54-LS10.0-BL,147.000000,-93.000000,270,top
U19,AD623,SOIC-8_3.9x4.9mm_P1.27mm,188.400000,-101.900000,270,top
U20,OPA333xxDBV,SOT-23-5,185.100000,-110.500000,180,top
