Designator,Val,Package,Mid X,Mid Y,Rotation,Layer
C1,100nF,C_0603_1608Metric_Pad1.05x0.95mm_HandSolder,108.500000,-73.400000,270.000000,top
J1,JST_SH_Conn_01x04_i2c_horizontal,JST_SH_SM04B-SRSS-TB_1x04-1MP_P1.00mm_Horizontal,91.400000,-64.500000,90,top
J2,JST_SH_Conn_01x04_i2c_horizontal,JST_SH_SM04B-SRSS-TB_1x04-1MP_P1.00mm_Horizontal,91.500000,-72.800000,90,top
J3,JST_SH_Conn_01x04_i2c_horizontal,JST_SH_SM04B-SRSS-TB_1x04-1MP_P1.00mm_Horizontal,91.500000,-81.300000,90,top
J4,JST_SH_Conn_01x04_i2c_horizontal,JST_SH_SM04B-SRSS-TB_1x04-1MP_P1.00mm_Horizontal,91.500000,-89.700000,90,top
J5,JST_SH_Conn_01x04_i2c_horizontal,JST_SH_SM04B-SRSS-TB_1x04-1MP_P1.00mm_Horizontal,115.700000,-77.700000,270,top
J6,Conn_01x03_Female,PinSocket_1x03_P2.54mm_Vertical,116.400000,-89.400000,270,top
U1,4052,TSSOP-16_4.4x5mm_P0.65mm,103.300000,-77.100000,270,top
