<?xml version="1.0" encoding="UTF-8"?>
<export version="D">
  <design>
    <source>/Users/nams/Documents/projects/kicad/diode-readouts/2ch-ADS112C04/2ch-ads.sch</source>
    <date>Monday, November 01, 2021 at 02:27:22 PM</date>
    <tool>Eeschema (5.1.5-0)</tool>
    <sheet number="1" name="/" tstamps="/">
      <title_block>
        <title/>
        <company/>
        <rev/>
        <date/>
        <source>2ch-ads.sch</source>
        <comment number="1" value=""/>
        <comment number="2" value=""/>
        <comment number="3" value=""/>
        <comment number="4" value=""/>
      </title_block>
    </sheet>
    <sheet number="2" name="/Channel0/" tstamps="/59ED0E6A/">
      <title_block>
        <title/>
        <company/>
        <rev/>
        <date/>
        <source>channel.sch</source>
        <comment number="1" value=""/>
        <comment number="2" value=""/>
        <comment number="3" value=""/>
        <comment number="4" value=""/>
      </title_block>
    </sheet>
    <sheet number="3" name="/Channel1/" tstamps="/59ED3D7B/">
      <title_block>
        <title/>
        <company/>
        <rev/>
        <date/>
        <source>channel.sch</source>
        <comment number="1" value=""/>
        <comment number="2" value=""/>
        <comment number="3" value=""/>
        <comment number="4" value=""/>
      </title_block>
    </sheet>
    <sheet number="4" name="/Sheet605654E7/" tstamps="/605654E8/">
      <title_block>
        <title/>
        <company/>
        <rev/>
        <date/>
        <source>power.sch</source>
        <comment number="1" value=""/>
        <comment number="2" value=""/>
        <comment number="3" value=""/>
        <comment number="4" value=""/>
      </title_block>
    </sheet>
    <sheet number="5" name="/Sheet60E93321/" tstamps="/60E93322/">
      <title_block>
        <title/>
        <company/>
        <rev/>
        <date/>
        <source>i2c_intf.sch</source>
        <comment number="1" value=""/>
        <comment number="2" value=""/>
        <comment number="3" value=""/>
        <comment number="4" value=""/>
      </title_block>
    </sheet>
    <sheet number="6" name="/Sheet6128984A/" tstamps="/6128984B/">
      <title_block>
        <title/>
        <company/>
        <rev/>
        <date/>
        <source>gpio.sch</source>
        <comment number="1" value=""/>
        <comment number="2" value=""/>
        <comment number="3" value=""/>
        <comment number="4" value=""/>
      </title_block>
    </sheet>
  </design>
  <components>
    <comp ref="J1">
      <value>DB9_Female_MountingHoles</value>
      <footprint>Connectors_DSub:DB9_ASSMANN</footprint>
      <fields>
        <field name="LCSC">C305943</field>
        <field name="LCSC-ORIG">C75749</field>
        <field name="MFR">ASSMANN</field>
        <field name="MPN">A-DF 09 A/KG-T2S</field>
        <field name="SPN">AE10921-ND</field>
        <field name="SPR">-</field>
        <field name="SPURL">-</field>
      </fields>
      <libsource lib="Connector" part="DB9_Female_MountingHoles" description="9-pin female D-SUB connector, Mounting Hole"/>
      <sheetpath names="/" tstamps="/"/>
      <tstamp>59EDF591</tstamp>
    </comp>
    <comp ref="R3">
      <value>dnf</value>
      <footprint>Resistor_SMD:R_0603_1608Metric_Pad1.05x0.95mm_HandSolder</footprint>
      <fields>
        <field name="MFR">-</field>
        <field name="MPN">-</field>
        <field name="SPN">-</field>
        <field name="SPR">-</field>
        <field name="SPURL">-</field>
      </fields>
      <libsource lib="Device" part="R" description="Resistor"/>
      <sheetpath names="/" tstamps="/"/>
      <tstamp>59EE8ACA</tstamp>
    </comp>
    <comp ref="R1">
      <value>dnf</value>
      <footprint>Resistor_SMD:R_0603_1608Metric_Pad1.05x0.95mm_HandSolder</footprint>
      <fields>
        <field name="MFR">-</field>
        <field name="MPN">-</field>
        <field name="SPN">-</field>
        <field name="SPR">-</field>
        <field name="SPURL">-</field>
      </fields>
      <libsource lib="Device" part="R" description="Resistor"/>
      <sheetpath names="/" tstamps="/"/>
      <tstamp>59EE9044</tstamp>
    </comp>
    <comp ref="MH1">
      <value>MountingHole</value>
      <footprint>Mounting_Holes:MountingHole_3.5mm_Pad</footprint>
      <fields>
        <field name="MFR">-</field>
        <field name="MPN">-</field>
        <field name="SPN">-</field>
        <field name="SPR">-</field>
        <field name="SPURL">-</field>
      </fields>
      <libsource lib="MH" part="MountingHole" description="Generic Mounting Hole"/>
      <sheetpath names="/" tstamps="/"/>
      <tstamp>5A49671B</tstamp>
    </comp>
    <comp ref="MH2">
      <value>MountingHole</value>
      <footprint>Mounting_Holes:MountingHole_3.5mm_Pad</footprint>
      <fields>
        <field name="MFR">-</field>
        <field name="MPN">-</field>
        <field name="SPN">-</field>
        <field name="SPR">-</field>
        <field name="SPURL">-</field>
      </fields>
      <libsource lib="MH" part="MountingHole" description="Generic Mounting Hole"/>
      <sheetpath names="/" tstamps="/"/>
      <tstamp>5A496851</tstamp>
    </comp>
    <comp ref="MH3">
      <value>MountingHole</value>
      <footprint>Mounting_Holes:MountingHole_3.5mm_Pad</footprint>
      <fields>
        <field name="MFR">-</field>
        <field name="MPN">-</field>
        <field name="SPN">-</field>
        <field name="SPR">-</field>
        <field name="SPURL">-</field>
      </fields>
      <libsource lib="MH" part="MountingHole" description="Generic Mounting Hole"/>
      <sheetpath names="/" tstamps="/"/>
      <tstamp>5A496973</tstamp>
    </comp>
    <comp ref="MH4">
      <value>MountingHole</value>
      <footprint>Mounting_Holes:MountingHole_3.5mm_Pad</footprint>
      <fields>
        <field name="MFR">-</field>
        <field name="MPN">-</field>
        <field name="SPN">-</field>
        <field name="SPR">-</field>
        <field name="SPURL">-</field>
      </fields>
      <libsource lib="MH" part="MountingHole" description="Generic Mounting Hole"/>
      <sheetpath names="/" tstamps="/"/>
      <tstamp>5A496A82</tstamp>
    </comp>
    <comp ref="J6">
      <value>MMCX</value>
      <footprint>0my_footprints:MMCX_JLC</footprint>
      <datasheet> ~</datasheet>
      <fields>
        <field name="LCSC">C530664</field>
        <field name="MPN">KH-MMCX-Z</field>
      </fields>
      <libsource lib="0my_intf" part="MMCX" description="MMCX vertical"/>
      <sheetpath names="/" tstamps="/"/>
      <tstamp>60F0C4CA</tstamp>
    </comp>
    <comp ref="J7">
      <value>MMCX</value>
      <footprint>0my_footprints:MMCX_JLC</footprint>
      <datasheet> ~</datasheet>
      <fields>
        <field name="LCSC">C530664</field>
        <field name="MPN">KH-MMCX-Z</field>
      </fields>
      <libsource lib="0my_intf" part="MMCX" description="MMCX vertical"/>
      <sheetpath names="/" tstamps="/"/>
      <tstamp>60F0D884</tstamp>
    </comp>
    <comp ref="R7">
      <value>10K 0.1%</value>
      <footprint>Resistor_SMD:R_0603_1608Metric_Pad1.05x0.95mm_HandSolder</footprint>
      <fields>
        <field name="LCSC">C319939</field>
        <field name="MFR">Viking</field>
        <field name="MPN">AR03BTCX1002</field>
      </fields>
      <libsource lib="Device" part="R" description="Resistor"/>
      <sheetpath names="/Channel0/" tstamps="/59ED0E6A/"/>
      <tstamp>59ED125E</tstamp>
    </comp>
    <comp ref="R8">
      <value>100K</value>
      <footprint>Resistor_SMD:R_0603_1608Metric_Pad1.05x0.95mm_HandSolder</footprint>
      <fields>
        <field name="LCSC">C22936</field>
        <field name="MFR">Yageo</field>
        <field name="MPN">RC0603FR-07100KL</field>
        <field name="SPURL">-</field>
      </fields>
      <libsource lib="Device" part="R" description="Resistor"/>
      <sheetpath names="/Channel0/" tstamps="/59ED0E6A/"/>
      <tstamp>59ED1265</tstamp>
    </comp>
    <comp ref="R9">
      <value>100K</value>
      <footprint>Resistor_SMD:R_0603_1608Metric_Pad1.05x0.95mm_HandSolder</footprint>
      <fields>
        <field name="LCSC">C22936</field>
        <field name="MFR">Yageo</field>
        <field name="MPN">RC0603FR-07100KL</field>
        <field name="SPURL">-</field>
      </fields>
      <libsource lib="Device" part="R" description="Resistor"/>
      <sheetpath names="/Channel0/" tstamps="/59ED0E6A/"/>
      <tstamp>59ED126C</tstamp>
    </comp>
    <comp ref="L1">
      <value>MMZ2012Y202B </value>
      <footprint>Inductor_SMD:L_0805_2012Metric_Pad1.15x1.40mm_HandSolder</footprint>
      <fields>
        <field name="LCSC">C76811</field>
        <field name="MFR">TDK</field>
        <field name="MPN">MMZ2012Y202B</field>
        <field name="ORIG">MMZ2012Y152B, C21517</field>
      </fields>
      <libsource lib="Device" part="Ferrite_Bead_Small" description="Ferrite bead, small symbol"/>
      <sheetpath names="/Channel0/" tstamps="/59ED0E6A/"/>
      <tstamp>59ED27B9</tstamp>
    </comp>
    <comp ref="IC1">
      <value>ADS112C04IPWR</value>
      <footprint>Package_SO:TSSOP-16_4.4x5mm_P0.65mm</footprint>
      <datasheet>http://www.ti.com/lit/gpn/ads112c04</datasheet>
      <fields>
        <field name="Arrow Part Number">ADS112C04IPWR</field>
        <field name="Arrow Price/Stock">https://www.arrow.com/en/products/ads112c04ipwr/texas-instruments</field>
        <field name="Description">16-Bit 2kSPS 4-Ch Low-Power Delta-Sigma ADC With PGA, Voltage Reference, 2x IDACs, and I2C Interface</field>
        <field name="Height">1.2</field>
        <field name="Manufacturer_Name">Texas Instruments</field>
        <field name="Manufacturer_Part_Number">ADS112C04IPWR</field>
        <field name="Mouser Part Number">595-ADS112C04IPWR</field>
        <field name="Mouser Price/Stock">https://www.mouser.co.uk/ProductDetail/Texas-Instruments/ADS112C04IPWR?qs=55YtniHzbhCnCkXA6WKV4g%3D%3D</field>
      </fields>
      <libsource lib="0my_actives" part="ADS112C04IPWR" description="16-Bit 2kSPS 4-Ch Low-Power Delta-Sigma ADC With PGA, Voltage Reference, 2x IDACs, and I2C Interface"/>
      <sheetpath names="/Channel0/" tstamps="/59ED0E6A/"/>
      <tstamp>612554B0</tstamp>
    </comp>
    <comp ref="C4">
      <value>100nF</value>
      <footprint>Capacitor_SMD:C_0603_1608Metric_Pad1.05x0.95mm_HandSolder</footprint>
      <datasheet>~</datasheet>
      <fields>
        <field name="LCSC">C14663</field>
        <field name="MPN">CC0603KRX7R9BB104</field>
      </fields>
      <libsource lib="0JLC" part="100nF" description="Unpolarized capacitor"/>
      <sheetpath names="/Channel0/" tstamps="/59ED0E6A/"/>
      <tstamp>6125B8A0</tstamp>
    </comp>
    <comp ref="C7">
      <value>100nF</value>
      <footprint>Capacitor_SMD:C_0603_1608Metric_Pad1.05x0.95mm_HandSolder</footprint>
      <datasheet>~</datasheet>
      <fields>
        <field name="LCSC">C14663</field>
        <field name="MPN">CC0603KRX7R9BB104</field>
      </fields>
      <libsource lib="0JLC" part="100nF" description="Unpolarized capacitor"/>
      <sheetpath names="/Channel0/" tstamps="/59ED0E6A/"/>
      <tstamp>6125C767</tstamp>
    </comp>
    <comp ref="C5">
      <value>100nF</value>
      <footprint>Capacitor_SMD:C_0603_1608Metric_Pad1.05x0.95mm_HandSolder</footprint>
      <datasheet>~</datasheet>
      <fields>
        <field name="LCSC">C14663</field>
        <field name="MPN">CC0603KRX7R9BB104</field>
      </fields>
      <libsource lib="0JLC" part="100nF" description="Unpolarized capacitor"/>
      <sheetpath names="/Channel0/" tstamps="/59ED0E6A/"/>
      <tstamp>6125D75A</tstamp>
    </comp>
    <comp ref="C2">
      <value>100nF</value>
      <footprint>Capacitor_SMD:C_0603_1608Metric_Pad1.05x0.95mm_HandSolder</footprint>
      <datasheet>CC0603KRX7R9BB104</datasheet>
      <fields>
        <field name="LCSC">C14663</field>
        <field name="MFR">Samsung</field>
        <field name="MPN">CC0603KRX7R9BB104</field>
        <field name="SPURL">-</field>
      </fields>
      <libsource lib="Device" part="C" description="Unpolarized capacitor"/>
      <sheetpath names="/Channel0/" tstamps="/59ED0E6A/"/>
      <tstamp>6126125D</tstamp>
    </comp>
    <comp ref="C1">
      <value>100nF</value>
      <footprint>Capacitor_SMD:C_0603_1608Metric_Pad1.05x0.95mm_HandSolder</footprint>
      <datasheet>CC0603KRX7R9BB104</datasheet>
      <fields>
        <field name="Digikey">490-1767-1-ND </field>
        <field name="LCSC">C14663</field>
        <field name="MFR">Samsung</field>
        <field name="MPN">CC0603KRX7R9BB104</field>
        <field name="Part">GRM31C5C1E104JA01L </field>
        <field name="SPURL">-</field>
      </fields>
      <libsource lib="Device" part="C" description="Unpolarized capacitor"/>
      <sheetpath names="/Channel0/" tstamps="/59ED0E6A/"/>
      <tstamp>6126126B</tstamp>
    </comp>
    <comp ref="C3">
      <value>1uF</value>
      <footprint>Capacitor_SMD:C_0603_1608Metric_Pad1.05x0.95mm_HandSolder</footprint>
      <fields>
        <field name="LCSC">C15849</field>
        <field name="MFR">Samsung</field>
        <field name="MPN">CL10A105KB8NNNC</field>
        <field name="Manufacturer">Yageo</field>
        <field name="SPURL">-</field>
      </fields>
      <libsource lib="Device" part="C" description="Unpolarized capacitor"/>
      <sheetpath names="/Channel0/" tstamps="/59ED0E6A/"/>
      <tstamp>61261278</tstamp>
    </comp>
    <comp ref="R16">
      <value>1M_0.1%</value>
      <footprint>Resistor_SMD:R_1206_3216Metric_Pad1.42x1.75mm_HandSolder</footprint>
      <datasheet>~</datasheet>
      <fields>
        <field name="LCSC">C130127</field>
        <field name="MPN">TC0625B1004T5E</field>
      </fields>
      <libsource lib="0JLC" part="1M_0.1%" description="Resistor"/>
      <sheetpath names="/Channel0/" tstamps="/59ED0E6A/"/>
      <tstamp>617ECD66</tstamp>
    </comp>
    <comp ref="JP5">
      <value>Jumper</value>
      <footprint>Jumper:SolderJumper-2_P1.3mm_Open_RoundedPad1.0x1.5mm</footprint>
      <datasheet>~</datasheet>
      <libsource lib="Device" part="Jumper" description="Jumper, normally closed"/>
      <sheetpath names="/Channel0/" tstamps="/59ED0E6A/"/>
      <tstamp>617F079A</tstamp>
    </comp>
    <comp ref="R20">
      <value>1K</value>
      <footprint>Resistor_SMD:R_0603_1608Metric_Pad1.05x0.95mm_HandSolder</footprint>
      <datasheet>~</datasheet>
      <fields>
        <field name="LCSC">C21190</field>
        <field name="MPN">0603WAF1001T5E</field>
      </fields>
      <libsource lib="0JLC" part="1K" description="Resistor"/>
      <sheetpath names="/Channel0/" tstamps="/59ED0E6A/"/>
      <tstamp>617F6456</tstamp>
    </comp>
    <comp ref="C21">
      <value>100nF</value>
      <footprint>Capacitor_SMD:C_0603_1608Metric_Pad1.05x0.95mm_HandSolder</footprint>
      <datasheet>~</datasheet>
      <fields>
        <field name="LCSC">C14663</field>
        <field name="MPN">CC0603KRX7R9BB104</field>
      </fields>
      <libsource lib="0JLC" part="100nF" description="Unpolarized capacitor"/>
      <sheetpath names="/Channel0/" tstamps="/59ED0E6A/"/>
      <tstamp>617F76B7</tstamp>
    </comp>
    <comp ref="JP6">
      <value>Jumper_3_Open</value>
      <footprint>Jumper:SolderJumper-3_P1.3mm_Open_RoundedPad1.0x1.5mm</footprint>
      <datasheet>~</datasheet>
      <libsource lib="Jumper" part="Jumper_3_Open" description="Jumper, 3-pole, both open"/>
      <sheetpath names="/Channel0/" tstamps="/59ED0E6A/"/>
      <tstamp>617FD97D</tstamp>
    </comp>
    <comp ref="JP7">
      <value>Jumper_3_Open</value>
      <footprint>Jumper:SolderJumper-3_P1.3mm_Open_RoundedPad1.0x1.5mm</footprint>
      <datasheet>~</datasheet>
      <libsource lib="Jumper" part="Jumper_3_Open" description="Jumper, 3-pole, both open"/>
      <sheetpath names="/Channel0/" tstamps="/59ED0E6A/"/>
      <tstamp>617FE2AA</tstamp>
    </comp>
    <comp ref="JP8">
      <value>Jumper_3_Open</value>
      <footprint>Jumper:SolderJumper-3_P1.3mm_Open_RoundedPad1.0x1.5mm</footprint>
      <datasheet>~</datasheet>
      <libsource lib="Jumper" part="Jumper_3_Open" description="Jumper, 3-pole, both open"/>
      <sheetpath names="/Channel0/" tstamps="/59ED0E6A/"/>
      <tstamp>618087A4</tstamp>
    </comp>
    <comp ref="R12">
      <value>R</value>
      <footprint>Resistor_SMD:R_0603_1608Metric_Pad1.05x0.95mm_HandSolder</footprint>
      <datasheet>~</datasheet>
      <libsource lib="0JLC" part="R" description="Resistor"/>
      <sheetpath names="/Channel0/" tstamps="/59ED0E6A/"/>
      <tstamp>6180A064</tstamp>
    </comp>
    <comp ref="R13">
      <value>10K 0.1%</value>
      <footprint>Resistor_SMD:R_0603_1608Metric_Pad1.05x0.95mm_HandSolder</footprint>
      <fields>
        <field name="LCSC">C319939</field>
        <field name="MFR">Viking</field>
        <field name="MPN">AR03BTCX1002</field>
      </fields>
      <libsource lib="Device" part="R" description="Resistor"/>
      <sheetpath names="/Channel1/" tstamps="/59ED3D7B/"/>
      <tstamp>59ED125E</tstamp>
    </comp>
    <comp ref="R14">
      <value>100K</value>
      <footprint>Resistor_SMD:R_0603_1608Metric_Pad1.05x0.95mm_HandSolder</footprint>
      <fields>
        <field name="LCSC">C22936</field>
        <field name="MFR">Yageo</field>
        <field name="MPN">RC0603FR-07100KL</field>
        <field name="SPURL">-</field>
      </fields>
      <libsource lib="Device" part="R" description="Resistor"/>
      <sheetpath names="/Channel1/" tstamps="/59ED3D7B/"/>
      <tstamp>59ED1265</tstamp>
    </comp>
    <comp ref="R15">
      <value>100K</value>
      <footprint>Resistor_SMD:R_0603_1608Metric_Pad1.05x0.95mm_HandSolder</footprint>
      <fields>
        <field name="LCSC">C22936</field>
        <field name="MFR">Yageo</field>
        <field name="MPN">RC0603FR-07100KL</field>
        <field name="SPURL">-</field>
      </fields>
      <libsource lib="Device" part="R" description="Resistor"/>
      <sheetpath names="/Channel1/" tstamps="/59ED3D7B/"/>
      <tstamp>59ED126C</tstamp>
    </comp>
    <comp ref="L2">
      <value>MMZ2012Y202B </value>
      <footprint>Inductor_SMD:L_0805_2012Metric_Pad1.15x1.40mm_HandSolder</footprint>
      <fields>
        <field name="LCSC">C76811</field>
        <field name="MFR">TDK</field>
        <field name="MPN">MMZ2012Y202B</field>
        <field name="ORIG">MMZ2012Y152B, C21517</field>
      </fields>
      <libsource lib="Device" part="Ferrite_Bead_Small" description="Ferrite bead, small symbol"/>
      <sheetpath names="/Channel1/" tstamps="/59ED3D7B/"/>
      <tstamp>59ED27B9</tstamp>
    </comp>
    <comp ref="IC2">
      <value>ADS112C04IPWR</value>
      <footprint>Package_SO:TSSOP-16_4.4x5mm_P0.65mm</footprint>
      <datasheet>http://www.ti.com/lit/gpn/ads112c04</datasheet>
      <fields>
        <field name="Arrow Part Number">ADS112C04IPWR</field>
        <field name="Arrow Price/Stock">https://www.arrow.com/en/products/ads112c04ipwr/texas-instruments</field>
        <field name="Description">16-Bit 2kSPS 4-Ch Low-Power Delta-Sigma ADC With PGA, Voltage Reference, 2x IDACs, and I2C Interface</field>
        <field name="Height">1.2</field>
        <field name="Manufacturer_Name">Texas Instruments</field>
        <field name="Manufacturer_Part_Number">ADS112C04IPWR</field>
        <field name="Mouser Part Number">595-ADS112C04IPWR</field>
        <field name="Mouser Price/Stock">https://www.mouser.co.uk/ProductDetail/Texas-Instruments/ADS112C04IPWR?qs=55YtniHzbhCnCkXA6WKV4g%3D%3D</field>
      </fields>
      <libsource lib="0my_actives" part="ADS112C04IPWR" description="16-Bit 2kSPS 4-Ch Low-Power Delta-Sigma ADC With PGA, Voltage Reference, 2x IDACs, and I2C Interface"/>
      <sheetpath names="/Channel1/" tstamps="/59ED3D7B/"/>
      <tstamp>612554B0</tstamp>
    </comp>
    <comp ref="C11">
      <value>100nF</value>
      <footprint>Capacitor_SMD:C_0603_1608Metric_Pad1.05x0.95mm_HandSolder</footprint>
      <datasheet>~</datasheet>
      <fields>
        <field name="LCSC">C14663</field>
        <field name="MPN">CC0603KRX7R9BB104</field>
      </fields>
      <libsource lib="0JLC" part="100nF" description="Unpolarized capacitor"/>
      <sheetpath names="/Channel1/" tstamps="/59ED3D7B/"/>
      <tstamp>6125B8A0</tstamp>
    </comp>
    <comp ref="C18">
      <value>100nF</value>
      <footprint>Capacitor_SMD:C_0603_1608Metric_Pad1.05x0.95mm_HandSolder</footprint>
      <datasheet>~</datasheet>
      <fields>
        <field name="LCSC">C14663</field>
        <field name="MPN">CC0603KRX7R9BB104</field>
      </fields>
      <libsource lib="0JLC" part="100nF" description="Unpolarized capacitor"/>
      <sheetpath names="/Channel1/" tstamps="/59ED3D7B/"/>
      <tstamp>6125C767</tstamp>
    </comp>
    <comp ref="C17">
      <value>100nF</value>
      <footprint>Capacitor_SMD:C_0603_1608Metric_Pad1.05x0.95mm_HandSolder</footprint>
      <datasheet>~</datasheet>
      <fields>
        <field name="LCSC">C14663</field>
        <field name="MPN">CC0603KRX7R9BB104</field>
      </fields>
      <libsource lib="0JLC" part="100nF" description="Unpolarized capacitor"/>
      <sheetpath names="/Channel1/" tstamps="/59ED3D7B/"/>
      <tstamp>6125D75A</tstamp>
    </comp>
    <comp ref="C9">
      <value>100nF</value>
      <footprint>Capacitor_SMD:C_0603_1608Metric_Pad1.05x0.95mm_HandSolder</footprint>
      <datasheet>CC0603KRX7R9BB104</datasheet>
      <fields>
        <field name="LCSC">C14663</field>
        <field name="MFR">Samsung</field>
        <field name="MPN">CC0603KRX7R9BB104</field>
        <field name="SPURL">-</field>
      </fields>
      <libsource lib="Device" part="C" description="Unpolarized capacitor"/>
      <sheetpath names="/Channel1/" tstamps="/59ED3D7B/"/>
      <tstamp>6126125D</tstamp>
    </comp>
    <comp ref="C8">
      <value>100nF</value>
      <footprint>Capacitor_SMD:C_0603_1608Metric_Pad1.05x0.95mm_HandSolder</footprint>
      <datasheet>CC0603KRX7R9BB104</datasheet>
      <fields>
        <field name="Digikey">490-1767-1-ND </field>
        <field name="LCSC">C14663</field>
        <field name="MFR">Samsung</field>
        <field name="MPN">CC0603KRX7R9BB104</field>
        <field name="Part">GRM31C5C1E104JA01L </field>
        <field name="SPURL">-</field>
      </fields>
      <libsource lib="Device" part="C" description="Unpolarized capacitor"/>
      <sheetpath names="/Channel1/" tstamps="/59ED3D7B/"/>
      <tstamp>6126126B</tstamp>
    </comp>
    <comp ref="C10">
      <value>1uF</value>
      <footprint>Capacitor_SMD:C_0603_1608Metric_Pad1.05x0.95mm_HandSolder</footprint>
      <fields>
        <field name="LCSC">C15849</field>
        <field name="MFR">Samsung</field>
        <field name="MPN">CL10A105KB8NNNC</field>
        <field name="Manufacturer">Yageo</field>
        <field name="SPURL">-</field>
      </fields>
      <libsource lib="Device" part="C" description="Unpolarized capacitor"/>
      <sheetpath names="/Channel1/" tstamps="/59ED3D7B/"/>
      <tstamp>61261278</tstamp>
    </comp>
    <comp ref="R22">
      <value>1M_0.1%</value>
      <footprint>Resistor_SMD:R_1206_3216Metric_Pad1.42x1.75mm_HandSolder</footprint>
      <datasheet>~</datasheet>
      <fields>
        <field name="LCSC">C130127</field>
        <field name="MPN">TC0625B1004T5E</field>
      </fields>
      <libsource lib="0JLC" part="1M_0.1%" description="Resistor"/>
      <sheetpath names="/Channel1/" tstamps="/59ED3D7B/"/>
      <tstamp>617ECD66</tstamp>
    </comp>
    <comp ref="JP11">
      <value>Jumper</value>
      <footprint>Jumper:SolderJumper-2_P1.3mm_Open_RoundedPad1.0x1.5mm</footprint>
      <datasheet>~</datasheet>
      <libsource lib="Device" part="Jumper" description="Jumper, normally closed"/>
      <sheetpath names="/Channel1/" tstamps="/59ED3D7B/"/>
      <tstamp>617F079A</tstamp>
    </comp>
    <comp ref="R23">
      <value>1K</value>
      <footprint>Resistor_SMD:R_0603_1608Metric_Pad1.05x0.95mm_HandSolder</footprint>
      <datasheet>~</datasheet>
      <fields>
        <field name="LCSC">C21190</field>
        <field name="MPN">0603WAF1001T5E</field>
      </fields>
      <libsource lib="0JLC" part="1K" description="Resistor"/>
      <sheetpath names="/Channel1/" tstamps="/59ED3D7B/"/>
      <tstamp>617F6456</tstamp>
    </comp>
    <comp ref="C27">
      <value>100nF</value>
      <footprint>Capacitor_SMD:C_0603_1608Metric_Pad1.05x0.95mm_HandSolder</footprint>
      <datasheet>~</datasheet>
      <fields>
        <field name="LCSC">C14663</field>
        <field name="MPN">CC0603KRX7R9BB104</field>
      </fields>
      <libsource lib="0JLC" part="100nF" description="Unpolarized capacitor"/>
      <sheetpath names="/Channel1/" tstamps="/59ED3D7B/"/>
      <tstamp>617F76B7</tstamp>
    </comp>
    <comp ref="JP12">
      <value>Jumper_3_Open</value>
      <footprint>Jumper:SolderJumper-3_P1.3mm_Open_RoundedPad1.0x1.5mm</footprint>
      <datasheet>~</datasheet>
      <libsource lib="Jumper" part="Jumper_3_Open" description="Jumper, 3-pole, both open"/>
      <sheetpath names="/Channel1/" tstamps="/59ED3D7B/"/>
      <tstamp>617FD97D</tstamp>
    </comp>
    <comp ref="JP13">
      <value>Jumper_3_Open</value>
      <footprint>Jumper:SolderJumper-3_P1.3mm_Open_RoundedPad1.0x1.5mm</footprint>
      <datasheet>~</datasheet>
      <libsource lib="Jumper" part="Jumper_3_Open" description="Jumper, 3-pole, both open"/>
      <sheetpath names="/Channel1/" tstamps="/59ED3D7B/"/>
      <tstamp>617FE2AA</tstamp>
    </comp>
    <comp ref="JP14">
      <value>Jumper_3_Open</value>
      <footprint>Jumper:SolderJumper-3_P1.3mm_Open_RoundedPad1.0x1.5mm</footprint>
      <datasheet>~</datasheet>
      <libsource lib="Jumper" part="Jumper_3_Open" description="Jumper, 3-pole, both open"/>
      <sheetpath names="/Channel1/" tstamps="/59ED3D7B/"/>
      <tstamp>618087A4</tstamp>
    </comp>
    <comp ref="R21">
      <value>R</value>
      <footprint>Resistor_SMD:R_0603_1608Metric_Pad1.05x0.95mm_HandSolder</footprint>
      <datasheet>~</datasheet>
      <libsource lib="0JLC" part="R" description="Resistor"/>
      <sheetpath names="/Channel1/" tstamps="/59ED3D7B/"/>
      <tstamp>6180A064</tstamp>
    </comp>
    <comp ref="J3">
      <value>Conn_01x02</value>
      <footprint>parts:JST_lipo_adafruit</footprint>
      <fields>
        <field name="MFR">JST</field>
        <field name="MPN">B2B-PH-K-S(LF)(SN)</field>
        <field name="SPN">455-1704-ND</field>
        <field name="SPR">-</field>
        <field name="SPURL">-</field>
      </fields>
      <libsource lib="JST_lipo_adafruit" part="JST_lipo_adafruit" description="Generic connector, single row, 01x02"/>
      <sheetpath names="/Sheet605654E7/" tstamps="/605654E8/"/>
      <tstamp>60572992</tstamp>
    </comp>
    <comp ref="J2">
      <value>Conn_01x02</value>
      <footprint>parts:JST_lipo_adafruit</footprint>
      <fields>
        <field name="MFR">JST</field>
        <field name="MPN">B2B-PH-K-S(LF)(SN)</field>
        <field name="SPN">455-1704-ND</field>
        <field name="SPR">-</field>
        <field name="SPURL">-</field>
      </fields>
      <libsource lib="JST_lipo_adafruit" part="JST_lipo_adafruit" description="Generic connector, single row, 01x02"/>
      <sheetpath names="/Sheet605654E7/" tstamps="/605654E8/"/>
      <tstamp>6057299E</tstamp>
    </comp>
    <comp ref="C22">
      <value>100nF</value>
      <footprint>Capacitor_SMD:C_0603_1608Metric_Pad1.05x0.95mm_HandSolder</footprint>
      <datasheet>CC0603KRX7R9BB104</datasheet>
      <fields>
        <field name="LCSC">C14663</field>
        <field name="MFR">Samsung</field>
        <field name="MPN">CC0603KRX7R9BB104</field>
        <field name="SPURL">-</field>
      </fields>
      <libsource lib="Device" part="C" description="Unpolarized capacitor"/>
      <sheetpath names="/Sheet605654E7/" tstamps="/605654E8/"/>
      <tstamp>605729C4</tstamp>
    </comp>
    <comp ref="C23">
      <value>10nF</value>
      <footprint>Capacitor_SMD:C_0603_1608Metric_Pad1.05x0.95mm_HandSolder</footprint>
      <datasheet>0603B103K500NT</datasheet>
      <fields>
        <field name="LCSC">C57112</field>
        <field name="MFR">Samsung</field>
        <field name="MPN">0603B103K500NT</field>
        <field name="SPURL">-</field>
      </fields>
      <libsource lib="Device" part="C" description="Unpolarized capacitor"/>
      <sheetpath names="/Sheet605654E7/" tstamps="/605654E8/"/>
      <tstamp>605729CF</tstamp>
    </comp>
    <comp ref="D1">
      <value>BAT60B</value>
      <footprint>Diode_SMD:D_SOD-323</footprint>
      <datasheet>https://www.infineon.com/dgdl/Infineon-BAT60ASERIES-DS-v01_01-en.pdf?fileId=db3a304313d846880113def70c9304a9</datasheet>
      <fields>
        <field name="ALT_LCSC">C22638</field>
        <field name="LCSC">C22638</field>
        <field name="MPN">BAT60B</field>
        <field name="ORIG">BAT60AE6327, C117485, BAT60BE6327, C91059</field>
      </fields>
      <libsource lib="Diode" part="BAT60A" description="10V 3A High Current Recitifier Schottky Diode, SOD-323"/>
      <sheetpath names="/Sheet605654E7/" tstamps="/605654E8/"/>
      <tstamp>605729F1</tstamp>
    </comp>
    <comp ref="D2">
      <value>BAT60B</value>
      <footprint>Diode_SMD:D_SOD-323</footprint>
      <datasheet>https://www.infineon.com/dgdl/Infineon-BAT60ASERIES-DS-v01_01-en.pdf?fileId=db3a304313d846880113def70c9304a9</datasheet>
      <fields>
        <field name="LCSC">C22638</field>
        <field name="MPN">BAT60B</field>
        <field name="ORIG">BAT60AE6327, C117485, BAT60BE6327, C91059</field>
      </fields>
      <libsource lib="Diode" part="BAT60A" description="10V 3A High Current Recitifier Schottky Diode, SOD-323"/>
      <sheetpath names="/Sheet605654E7/" tstamps="/605654E8/"/>
      <tstamp>605729FC</tstamp>
    </comp>
    <comp ref="Q1">
      <value>BC847C</value>
      <footprint>Package_TO_SOT_SMD:SOT-23</footprint>
      <datasheet>http://www.infineon.com/dgdl/Infineon-BC847SERIES_BC848SERIES_BC849SERIES_BC850SERIES-DS-v01_01-en.pdf?fileId=db3a304314dca389011541d4630a1657</datasheet>
      <fields>
        <field name="LCSC">C8664</field>
        <field name="MPN">BC847C,215</field>
      </fields>
      <libsource lib="Transistor_BJT" part="BC847" description="0.1A Ic, 45V Vce, NPN Transistor, SOT-23"/>
      <sheetpath names="/Sheet605654E7/" tstamps="/605654E8/"/>
      <tstamp>60581ADF</tstamp>
    </comp>
    <comp ref="JP2">
      <value>Jumper_2_Open</value>
      <footprint>Jumper:SolderJumper-2_P1.3mm_Open_RoundedPad1.0x1.5mm</footprint>
      <datasheet>~</datasheet>
      <libsource lib="Jumper" part="Jumper_2_Open" description="Jumper, 2-pole, open"/>
      <sheetpath names="/Sheet605654E7/" tstamps="/605654E8/"/>
      <tstamp>60588C97</tstamp>
    </comp>
    <comp ref="PS1">
      <value>B0305S-1WR2</value>
      <footprint>Converter_DCDC:Converter_DCDC_muRata_CRE1xxxxxx3C_THT</footprint>
      <fields>
        <field name="LCSC">C80854</field>
        <field name="MPN">B0305S-1WR2</field>
      </fields>
      <libsource lib="0my_power" part="B0305S-1WR2" description=""/>
      <sheetpath names="/Sheet605654E7/" tstamps="/605654E8/"/>
      <tstamp>60E88800</tstamp>
    </comp>
    <comp ref="L3">
      <value>6.8uH</value>
      <footprint>Inductor_SMD:L_1210_3225Metric_Pad1.42x2.65mm_HandSolder</footprint>
      <datasheet>~</datasheet>
      <fields>
        <field name="LCSC">C87559</field>
        <field name="MPN">NLCV32T-6R8M-PFR</field>
      </fields>
      <libsource lib="pspice" part="INDUCTOR" description="Inductor symbol for simulation only"/>
      <sheetpath names="/Sheet605654E7/" tstamps="/605654E8/"/>
      <tstamp>60EB3D21</tstamp>
    </comp>
    <comp ref="C12">
      <value>10uF_1206_50V</value>
      <footprint>Capacitor_SMD:C_1206_3216Metric_Pad1.42x1.75mm_HandSolder</footprint>
      <datasheet>~</datasheet>
      <fields>
        <field name="LCSC">C13585</field>
        <field name="MPN">CL31A106KBHNNNE</field>
      </fields>
      <libsource lib="0JLC" part="10uF_1206_50V" description="Unpolarized capacitor"/>
      <sheetpath names="/Sheet605654E7/" tstamps="/605654E8/"/>
      <tstamp>60EBDADE</tstamp>
    </comp>
    <comp ref="C6">
      <value>4.7uF_1206_50V</value>
      <footprint>Capacitor_SMD:C_1206_3216Metric_Pad1.42x1.75mm_HandSolder</footprint>
      <datasheet>~</datasheet>
      <fields>
        <field name="LCSC">C29823</field>
        <field name="MPN">1206B475K500NT</field>
      </fields>
      <libsource lib="0JLC" part="4.7uF_1206_50V" description="Unpolarized capacitor"/>
      <sheetpath names="/Sheet605654E7/" tstamps="/605654E8/"/>
      <tstamp>60EBE33B</tstamp>
    </comp>
    <comp ref="R17">
      <value>1K</value>
      <footprint>Resistor_SMD:R_0603_1608Metric_Pad1.05x0.95mm_HandSolder</footprint>
      <datasheet>~</datasheet>
      <fields>
        <field name="LCSC">C21190</field>
        <field name="MPN">0603WAF1001T5E</field>
      </fields>
      <libsource lib="0JLC" part="1K" description="Resistor"/>
      <sheetpath names="/Sheet605654E7/" tstamps="/605654E8/"/>
      <tstamp>60EC2E4F</tstamp>
    </comp>
    <comp ref="C13">
      <value>100uF</value>
      <footprint>Capacitor_Tantalum_SMD:CP_EIA-3528-12_Kemet-T</footprint>
      <datasheet>~</datasheet>
      <fields>
        <field name="LCSC">C84455</field>
        <field name="MPN">GRM32ER61A107ME20L</field>
      </fields>
      <libsource lib="Device" part="CP" description="Polarized capacitor"/>
      <sheetpath names="/Sheet605654E7/" tstamps="/605654E8/"/>
      <tstamp>60EC45A8</tstamp>
    </comp>
    <comp ref="U1">
      <value>LP5907MFX-3.3</value>
      <footprint>Package_TO_SOT_SMD:SOT-23-5</footprint>
      <datasheet>http://www.ti.com/lit/ds/symlink/lp5907.pdf</datasheet>
      <fields>
        <field name="LCSC">C80670</field>
        <field name="MPN">LP5907MFX-3.3/NOPB</field>
      </fields>
      <libsource lib="0JLC" part="LP5907MFX-3.3" description="250-mA Ultra-Low-Noise Low-IQ LDO, 1.2V, SOT-23"/>
      <sheetpath names="/Sheet605654E7/" tstamps="/605654E8/"/>
      <tstamp>60EC7284</tstamp>
    </comp>
    <comp ref="U7">
      <value>LP5907MFX-3.3</value>
      <footprint>Package_TO_SOT_SMD:SOT-23-5</footprint>
      <datasheet>http://www.ti.com/lit/ds/symlink/lp5907.pdf</datasheet>
      <fields>
        <field name="LCSC">C80670</field>
        <field name="MPN">LP5907MFX-3.3/NOPB</field>
      </fields>
      <libsource lib="0JLC" part="LP5907MFX-3.3" description="250-mA Ultra-Low-Noise Low-IQ LDO, 1.2V, SOT-23"/>
      <sheetpath names="/Sheet605654E7/" tstamps="/605654E8/"/>
      <tstamp>60ECAF07</tstamp>
    </comp>
    <comp ref="C15">
      <value>1uF</value>
      <footprint>Capacitor_SMD:C_0603_1608Metric_Pad1.05x0.95mm_HandSolder</footprint>
      <datasheet>~</datasheet>
      <fields>
        <field name="LCSC">C15849</field>
        <field name="MPN">CL10A105KB8NNNC</field>
      </fields>
      <libsource lib="0JLC" part="1uF" description="Unpolarized capacitor"/>
      <sheetpath names="/Sheet605654E7/" tstamps="/605654E8/"/>
      <tstamp>60ECCAB0</tstamp>
    </comp>
    <comp ref="C14">
      <value>1uF</value>
      <footprint>Capacitor_SMD:C_0603_1608Metric_Pad1.05x0.95mm_HandSolder</footprint>
      <datasheet>~</datasheet>
      <fields>
        <field name="LCSC">C15849</field>
        <field name="MPN">CL10A105KB8NNNC</field>
      </fields>
      <libsource lib="0JLC" part="1uF" description="Unpolarized capacitor"/>
      <sheetpath names="/Sheet605654E7/" tstamps="/605654E8/"/>
      <tstamp>60ECD8E2</tstamp>
    </comp>
    <comp ref="C16">
      <value>1uF</value>
      <footprint>Capacitor_SMD:C_0603_1608Metric_Pad1.05x0.95mm_HandSolder</footprint>
      <datasheet>~</datasheet>
      <fields>
        <field name="LCSC">C15849</field>
        <field name="MPN">CL10A105KB8NNNC</field>
      </fields>
      <libsource lib="0JLC" part="1uF" description="Unpolarized capacitor"/>
      <sheetpath names="/Sheet605654E7/" tstamps="/605654E8/"/>
      <tstamp>60ECDE32</tstamp>
    </comp>
    <comp ref="C24">
      <value>1uF</value>
      <footprint>Capacitor_SMD:C_0603_1608Metric_Pad1.05x0.95mm_HandSolder</footprint>
      <datasheet>~</datasheet>
      <fields>
        <field name="LCSC">C15849</field>
        <field name="MPN">CL10A105KB8NNNC</field>
      </fields>
      <libsource lib="0JLC" part="1uF" description="Unpolarized capacitor"/>
      <sheetpath names="/Sheet605654E7/" tstamps="/605654E8/"/>
      <tstamp>60ECE60A</tstamp>
    </comp>
    <comp ref="JP4">
      <value>Jumper_NO_Small</value>
      <footprint>Jumper:SolderJumper-2_P1.3mm_Open_Pad1.0x1.5mm</footprint>
      <datasheet>~</datasheet>
      <libsource lib="Device" part="Jumper_NO_Small" description="Jumper, normally open, small symbol"/>
      <sheetpath names="/Sheet605654E7/" tstamps="/605654E8/"/>
      <tstamp>60F1E267</tstamp>
    </comp>
    <comp ref="JP3">
      <value>Jumper_NO_Small</value>
      <footprint>Jumper:SolderJumper-2_P1.3mm_Open_Pad1.0x1.5mm</footprint>
      <datasheet>~</datasheet>
      <libsource lib="Device" part="Jumper_NO_Small" description="Jumper, normally open, small symbol"/>
      <sheetpath names="/Sheet605654E7/" tstamps="/605654E8/"/>
      <tstamp>60F1F64C</tstamp>
    </comp>
    <comp ref="J10">
      <value>MMCX</value>
      <footprint>0my_footprints:MMCX_JLC</footprint>
      <datasheet> ~</datasheet>
      <fields>
        <field name="LCSC">C530664</field>
        <field name="MPN">KH-MMCX-Z</field>
      </fields>
      <libsource lib="0my_intf" part="MMCX" description="MMCX vertical"/>
      <sheetpath names="/Sheet605654E7/" tstamps="/605654E8/"/>
      <tstamp>6111E01B</tstamp>
    </comp>
    <comp ref="R6">
      <value>4.7K</value>
      <footprint>Resistor_SMD:R_0603_1608Metric_Pad1.05x0.95mm_HandSolder</footprint>
      <datasheet>~</datasheet>
      <fields>
        <field name="LCSC">C23162</field>
        <field name="MFR">-</field>
        <field name="MPN">RC0603FR-074K7L</field>
        <field name="SPN">-</field>
        <field name="SPR">-</field>
        <field name="SPURL">-</field>
      </fields>
      <libsource lib="Device" part="R" description="Resistor"/>
      <sheetpath names="/Sheet60E93321/" tstamps="/60E93322/"/>
      <tstamp>60E967EF</tstamp>
    </comp>
    <comp ref="R5">
      <value>4.7K</value>
      <footprint>Resistor_SMD:R_0603_1608Metric_Pad1.05x0.95mm_HandSolder</footprint>
      <datasheet>~</datasheet>
      <fields>
        <field name="LCSC">C23162</field>
        <field name="MFR">-</field>
        <field name="MPN">RC0603FR-074K7L</field>
        <field name="SPN">-</field>
        <field name="SPR">-</field>
        <field name="SPURL">-</field>
      </fields>
      <libsource lib="Device" part="R" description="Resistor"/>
      <sheetpath names="/Sheet60E93321/" tstamps="/60E93322/"/>
      <tstamp>60E967FC</tstamp>
    </comp>
    <comp ref="U8">
      <value>ISO1541</value>
      <footprint>Package_SO:SOIC-8_3.9x4.9mm_P1.27mm</footprint>
      <fields>
        <field name="LCSC">C143028</field>
        <field name="MPN">ISO1541DR</field>
      </fields>
      <libsource lib="Isolator" part="ISO1541" description="I2C Isolator, 2.5 kVrms, Unidirectional Clock, Bidirectional data, SOIC-8"/>
      <sheetpath names="/Sheet60E93321/" tstamps="/60E93322/"/>
      <tstamp>60E9B514</tstamp>
    </comp>
    <comp ref="J4">
      <value>A1001WV-S-04P</value>
      <footprint>Connector_JST:JST_SH_BM04B-SRSS-TB_1x04-1MP_P1.00mm_Vertical</footprint>
      <datasheet>~</datasheet>
      <fields>
        <field name="JST">BM04B-SRSS-TB(LF)(SN): C160390</field>
        <field name="LCSC">C371588</field>
        <field name="MPN">A1001WV-S-04P</field>
      </fields>
      <libsource lib="0my_intf" part="JST_SH_Conn_01x04_i2c" description="Generic connector, single row, 01x04, script generated (kicad-library-utils/schlib/autogen/connector/)"/>
      <sheetpath names="/Sheet60E93321/" tstamps="/60E93322/"/>
      <tstamp>60EA2011</tstamp>
    </comp>
    <comp ref="J5">
      <value>A1001WV-S-04P</value>
      <footprint>Connector_JST:JST_SH_BM04B-SRSS-TB_1x04-1MP_P1.00mm_Vertical</footprint>
      <datasheet>~</datasheet>
      <fields>
        <field name="JST">BM04B-SRSS-TB(LF)(SN) : C160390</field>
        <field name="LCSC">C371588</field>
        <field name="MPN">A1001WV-S-04P</field>
      </fields>
      <libsource lib="0my_intf" part="JST_SH_Conn_01x04_i2c" description="Generic connector, single row, 01x04, script generated (kicad-library-utils/schlib/autogen/connector/)"/>
      <sheetpath names="/Sheet60E93321/" tstamps="/60E93322/"/>
      <tstamp>60EA59E2</tstamp>
    </comp>
    <comp ref="C26">
      <value>100nF</value>
      <footprint>Capacitor_SMD:C_0603_1608Metric_Pad1.05x0.95mm_HandSolder</footprint>
      <datasheet>CC0603KRX7R9BB104</datasheet>
      <fields>
        <field name="LCSC">C14663</field>
        <field name="MFR">Samsung</field>
        <field name="MPN">CC0603KRX7R9BB104</field>
        <field name="SPURL">-</field>
      </fields>
      <libsource lib="Device" part="C" description="Unpolarized capacitor"/>
      <sheetpath names="/Sheet60E93321/" tstamps="/60E93322/"/>
      <tstamp>60EE8FE5</tstamp>
    </comp>
    <comp ref="C25">
      <value>100nF</value>
      <footprint>Capacitor_SMD:C_0603_1608Metric_Pad1.05x0.95mm_HandSolder</footprint>
      <datasheet>CC0603KRX7R9BB104</datasheet>
      <fields>
        <field name="LCSC">C14663</field>
        <field name="MFR">Samsung</field>
        <field name="MPN">CC0603KRX7R9BB104</field>
        <field name="SPURL">-</field>
      </fields>
      <libsource lib="Device" part="C" description="Unpolarized capacitor"/>
      <sheetpath names="/Sheet60E93321/" tstamps="/60E93322/"/>
      <tstamp>60EE9E5E</tstamp>
    </comp>
    <comp ref="R18">
      <value>4.7K</value>
      <footprint>Resistor_SMD:R_0603_1608Metric_Pad1.05x0.95mm_HandSolder</footprint>
      <datasheet>~</datasheet>
      <fields>
        <field name="LCSC">C23162</field>
        <field name="MFR">-</field>
        <field name="MPN">RC0603FR-074K7L</field>
        <field name="SPN">-</field>
        <field name="SPR">-</field>
        <field name="SPURL">-</field>
      </fields>
      <libsource lib="Device" part="R" description="Resistor"/>
      <sheetpath names="/Sheet60E93321/" tstamps="/60E93322/"/>
      <tstamp>6105D9A9</tstamp>
    </comp>
    <comp ref="R19">
      <value>4.7K</value>
      <footprint>Resistor_SMD:R_0603_1608Metric_Pad1.05x0.95mm_HandSolder</footprint>
      <datasheet>~</datasheet>
      <fields>
        <field name="LCSC">C23162</field>
        <field name="MFR">-</field>
        <field name="MPN">RC0603FR-074K7L</field>
        <field name="SPN">-</field>
        <field name="SPR">-</field>
        <field name="SPURL">-</field>
      </fields>
      <libsource lib="Device" part="R" description="Resistor"/>
      <sheetpath names="/Sheet60E93321/" tstamps="/60E93322/"/>
      <tstamp>6105E240</tstamp>
    </comp>
    <comp ref="R11">
      <value>4.7K</value>
      <footprint>Resistor_SMD:R_0603_1608Metric_Pad1.05x0.95mm_HandSolder</footprint>
      <datasheet>~</datasheet>
      <fields>
        <field name="LCSC">C23162</field>
        <field name="MFR">-</field>
        <field name="MPN">RC0603FR-074K7L</field>
        <field name="SPN">-</field>
        <field name="SPR">-</field>
        <field name="SPURL">-</field>
      </fields>
      <libsource lib="Device" part="R" description="Resistor"/>
      <sheetpath names="/Sheet6128984A/" tstamps="/6128984B/"/>
      <tstamp>612963A5</tstamp>
    </comp>
    <comp ref="R10">
      <value>4.7K</value>
      <footprint>Resistor_SMD:R_0603_1608Metric_Pad1.05x0.95mm_HandSolder</footprint>
      <datasheet>~</datasheet>
      <fields>
        <field name="LCSC">C23162</field>
        <field name="MFR">-</field>
        <field name="MPN">RC0603FR-074K7L</field>
        <field name="SPN">-</field>
        <field name="SPR">-</field>
        <field name="SPURL">-</field>
      </fields>
      <libsource lib="Device" part="R" description="Resistor"/>
      <sheetpath names="/Sheet6128984A/" tstamps="/6128984B/"/>
      <tstamp>612963B1</tstamp>
    </comp>
    <comp ref="U2">
      <value>ADUM1250</value>
      <footprint>Package_SO:SOIC-8_3.9x4.9mm_P1.27mm</footprint>
      <fields>
        <field name="LCSC">C13839</field>
        <field name="MPN">ADUM1250ARZ-RL7</field>
      </fields>
      <libsource lib="Isolator" part="ISO1540" description="I2C Isolator, 2.5 kVrms, Bidirectional clock and data, SOIC-8"/>
      <sheetpath names="/Sheet6128984A/" tstamps="/6128984B/"/>
      <tstamp>612963B9</tstamp>
    </comp>
    <comp ref="J8">
      <value>A1001WV-S-04P</value>
      <footprint>Connector_JST:JST_SH_BM04B-SRSS-TB_1x04-1MP_P1.00mm_Vertical</footprint>
      <datasheet>~</datasheet>
      <fields>
        <field name="JST">BM04B-SRSS-TB(LF)(SN) : C160390</field>
        <field name="LCSC">C371588</field>
        <field name="MPN">A1001WV-S-04P</field>
      </fields>
      <libsource lib="0my_intf" part="JST_SH_Conn_01x04_i2c" description="Generic connector, single row, 01x04, script generated (kicad-library-utils/schlib/autogen/connector/)"/>
      <sheetpath names="/Sheet6128984A/" tstamps="/6128984B/"/>
      <tstamp>612963C1</tstamp>
    </comp>
    <comp ref="C20">
      <value>100nF</value>
      <footprint>Capacitor_SMD:C_0603_1608Metric_Pad1.05x0.95mm_HandSolder</footprint>
      <datasheet>CC0603KRX7R9BB104</datasheet>
      <fields>
        <field name="LCSC">C14663</field>
        <field name="MFR">Samsung</field>
        <field name="MPN">CC0603KRX7R9BB104</field>
        <field name="SPURL">-</field>
      </fields>
      <libsource lib="Device" part="C" description="Unpolarized capacitor"/>
      <sheetpath names="/Sheet6128984A/" tstamps="/6128984B/"/>
      <tstamp>61296414</tstamp>
    </comp>
    <comp ref="C19">
      <value>100nF</value>
      <footprint>Capacitor_SMD:C_0603_1608Metric_Pad1.05x0.95mm_HandSolder</footprint>
      <datasheet>CC0603KRX7R9BB104</datasheet>
      <fields>
        <field name="LCSC">C14663</field>
        <field name="MFR">Samsung</field>
        <field name="MPN">CC0603KRX7R9BB104</field>
        <field name="SPURL">-</field>
      </fields>
      <libsource lib="Device" part="C" description="Unpolarized capacitor"/>
      <sheetpath names="/Sheet6128984A/" tstamps="/6128984B/"/>
      <tstamp>61296427</tstamp>
    </comp>
    <comp ref="R2">
      <value>4.7K</value>
      <footprint>Resistor_SMD:R_0603_1608Metric_Pad1.05x0.95mm_HandSolder</footprint>
      <datasheet>~</datasheet>
      <fields>
        <field name="LCSC">C23162</field>
        <field name="MFR">-</field>
        <field name="MPN">RC0603FR-074K7L</field>
        <field name="SPN">-</field>
        <field name="SPR">-</field>
        <field name="SPURL">-</field>
      </fields>
      <libsource lib="Device" part="R" description="Resistor"/>
      <sheetpath names="/Sheet6128984A/" tstamps="/6128984B/"/>
      <tstamp>61296444</tstamp>
    </comp>
    <comp ref="R4">
      <value>4.7K</value>
      <footprint>Resistor_SMD:R_0603_1608Metric_Pad1.05x0.95mm_HandSolder</footprint>
      <datasheet>~</datasheet>
      <fields>
        <field name="LCSC">C23162</field>
        <field name="MFR">-</field>
        <field name="MPN">RC0603FR-074K7L</field>
        <field name="SPN">-</field>
        <field name="SPR">-</field>
        <field name="SPURL">-</field>
      </fields>
      <libsource lib="Device" part="R" description="Resistor"/>
      <sheetpath names="/Sheet6128984A/" tstamps="/6128984B/"/>
      <tstamp>61296450</tstamp>
    </comp>
  </components>
  <libparts>
    <libpart lib="0JLC" part="100nF">
      <description>Unpolarized capacitor</description>
      <docs>~</docs>
      <footprints>
        <fp>C_*</fp>
      </footprints>
      <fields>
        <field name="Reference">C</field>
        <field name="Value">100nF</field>
        <field name="Footprint">Capacitor_SMD:C_0603_1608Metric_Pad1.05x0.95mm_HandSolder</field>
        <field name="LCSC">C14663</field>
        <field name="MPN">CC0603KRX7R9BB104</field>
      </fields>
      <pins>
        <pin num="1" name="~" type="passive"/>
        <pin num="2" name="~" type="passive"/>
      </pins>
    </libpart>
    <libpart lib="0JLC" part="10uF_1206_50V">
      <description>Unpolarized capacitor</description>
      <docs>~</docs>
      <footprints>
        <fp>C_*</fp>
      </footprints>
      <fields>
        <field name="Reference">C</field>
        <field name="Value">10uF_1206_50V</field>
        <field name="Footprint">Capacitor_SMD:C_1206_3216Metric_Pad1.42x1.75mm_HandSolder</field>
        <field name="LCSC">C13585</field>
        <field name="MPN">CL31A106KBHNNNE</field>
      </fields>
      <pins>
        <pin num="1" name="~" type="passive"/>
        <pin num="2" name="~" type="passive"/>
      </pins>
    </libpart>
    <libpart lib="0JLC" part="1K">
      <description>Resistor</description>
      <docs>~</docs>
      <footprints>
        <fp>R_*</fp>
      </footprints>
      <fields>
        <field name="Reference">R</field>
        <field name="Value">1K</field>
        <field name="Footprint">Resistor_SMD:R_0603_1608Metric_Pad1.05x0.95mm_HandSolder</field>
        <field name="LCSC">C21190</field>
        <field name="MPN">0603WAF1001T5E</field>
      </fields>
      <pins>
        <pin num="1" name="~" type="passive"/>
        <pin num="2" name="~" type="passive"/>
      </pins>
    </libpart>
    <libpart lib="0JLC" part="1M_0.1%">
      <description>Resistor</description>
      <docs>~</docs>
      <footprints>
        <fp>R_*</fp>
      </footprints>
      <fields>
        <field name="Reference">R</field>
        <field name="Value">1M_0.1%</field>
        <field name="Footprint">Resistor_SMD:R_1206_3216Metric_Pad1.42x1.75mm_HandSolder</field>
        <field name="LCSC">C130127</field>
        <field name="MPN">TC0625B1004T5E</field>
      </fields>
      <pins>
        <pin num="1" name="~" type="passive"/>
        <pin num="2" name="~" type="passive"/>
      </pins>
    </libpart>
    <libpart lib="0JLC" part="1uF">
      <description>Unpolarized capacitor</description>
      <docs>~</docs>
      <footprints>
        <fp>C_*</fp>
      </footprints>
      <fields>
        <field name="Reference">C</field>
        <field name="Value">1uF</field>
        <field name="Footprint">Capacitor_SMD:C_0603_1608Metric_Pad1.05x0.95mm_HandSolder</field>
        <field name="LCSC">C15849</field>
        <field name="MPN">CL10A105KB8NNNC</field>
      </fields>
      <pins>
        <pin num="1" name="~" type="passive"/>
        <pin num="2" name="~" type="passive"/>
      </pins>
    </libpart>
    <libpart lib="0JLC" part="4.7uF_1206_50V">
      <description>Unpolarized capacitor</description>
      <docs>~</docs>
      <footprints>
        <fp>C_*</fp>
      </footprints>
      <fields>
        <field name="Reference">C</field>
        <field name="Value">4.7uF_1206_50V</field>
        <field name="Footprint">Capacitor_SMD:C_1206_3216Metric_Pad1.42x1.75mm_HandSolder</field>
        <field name="LCSC">C29823</field>
        <field name="MPN">1206B475K500NT</field>
      </fields>
      <pins>
        <pin num="1" name="~" type="passive"/>
        <pin num="2" name="~" type="passive"/>
      </pins>
    </libpart>
    <libpart lib="0JLC" part="LP5907MFX-3.3">
      <description>250-mA Ultra-Low-Noise Low-IQ LDO, 1.2V, SOT-23</description>
      <docs>http://www.ti.com/lit/ds/symlink/lp5907.pdf</docs>
      <footprints>
        <fp>SOT?23*</fp>
      </footprints>
      <fields>
        <field name="Reference">U</field>
        <field name="Value">LP5907MFX-3.3</field>
        <field name="Footprint">Package_TO_SOT_SMD:SOT-23-5</field>
        <field name="LCSC">C80670</field>
        <field name="MPN">LP5907MFX-3.3/NOPB</field>
      </fields>
      <pins>
        <pin num="1" name="IN" type="power_in"/>
        <pin num="2" name="GND" type="power_in"/>
        <pin num="3" name="EN" type="input"/>
        <pin num="4" name="NC" type="NotConnected"/>
        <pin num="5" name="OUT" type="power_out"/>
      </pins>
    </libpart>
    <libpart lib="0JLC" part="R">
      <description>Resistor</description>
      <docs>~</docs>
      <footprints>
        <fp>R_*</fp>
      </footprints>
      <fields>
        <field name="Reference">R</field>
        <field name="Value">R</field>
        <field name="Footprint">Resistor_SMD:R_0603_1608Metric_Pad1.05x0.95mm_HandSolder</field>
      </fields>
      <pins>
        <pin num="1" name="~" type="passive"/>
        <pin num="2" name="~" type="passive"/>
      </pins>
    </libpart>
    <libpart lib="0my_actives" part="ADS112C04IPWR">
      <description>16-Bit 2kSPS 4-Ch Low-Power Delta-Sigma ADC With PGA, Voltage Reference, 2x IDACs, and I2C Interface</description>
      <docs>http://www.ti.com/lit/gpn/ads112c04</docs>
      <fields>
        <field name="Reference">IC</field>
        <field name="Value">ADS112C04IPWR</field>
        <field name="Footprint">Package_SO:TSSOP-16_4.4x5mm_P0.65mm</field>
        <field name="Description">16-Bit 2kSPS 4-Ch Low-Power Delta-Sigma ADC With PGA, Voltage Reference, 2x IDACs, and I2C Interface</field>
        <field name="Height">1.2</field>
        <field name="Manufacturer_Name">Texas Instruments</field>
        <field name="Manufacturer_Part_Number">ADS112C04IPWR</field>
        <field name="Mouser Part Number">595-ADS112C04IPWR</field>
        <field name="Mouser Price/Stock">https://www.mouser.co.uk/ProductDetail/Texas-Instruments/ADS112C04IPWR?qs=55YtniHzbhCnCkXA6WKV4g%3D%3D</field>
        <field name="Arrow Part Number">ADS112C04IPWR</field>
        <field name="Arrow Price/Stock">https://www.arrow.com/en/products/ads112c04ipwr/texas-instruments</field>
      </fields>
      <pins>
        <pin num="1" name="A0" type="passive"/>
        <pin num="2" name="A1" type="passive"/>
        <pin num="3" name="~RESET" type="passive"/>
        <pin num="4" name="DGND" type="passive"/>
        <pin num="5" name="AVSS" type="passive"/>
        <pin num="6" name="AIN3" type="passive"/>
        <pin num="7" name="AIN2" type="passive"/>
        <pin num="8" name="REFN" type="passive"/>
        <pin num="9" name="REFP" type="passive"/>
        <pin num="10" name="AIN1" type="passive"/>
        <pin num="11" name="AIN0" type="passive"/>
        <pin num="12" name="AVDD" type="passive"/>
        <pin num="13" name="DVDD" type="passive"/>
        <pin num="14" name="~DRDY" type="passive"/>
        <pin num="15" name="SDA" type="passive"/>
        <pin num="16" name="SCL" type="passive"/>
      </pins>
    </libpart>
    <libpart lib="0my_intf" part="JST_SH_Conn_01x04_i2c">
      <description>Generic connector, single row, 01x04, script generated (kicad-library-utils/schlib/autogen/connector/)</description>
      <docs>~</docs>
      <footprints>
        <fp>Connector*:*_1x??_*</fp>
        <fp>Connector*:JST_SH_*04B*</fp>
      </footprints>
      <fields>
        <field name="Reference">J</field>
        <field name="Value">JST_SH_Conn_01x04_i2c</field>
        <field name="Footprint">Connector_JST:JST_SH_BM04B-SRSS-TB_1x04-1MP_P1.00mm_Vertical</field>
        <field name="LCSC">C160390</field>
        <field name="MPN">BM04B-SRSS-TB(LF)(SN)</field>
      </fields>
      <pins>
        <pin num="1" name="gnd" type="passive"/>
        <pin num="2" name="VCC" type="passive"/>
        <pin num="3" name="SDA" type="passive"/>
        <pin num="4" name="SCL" type="passive"/>
      </pins>
    </libpart>
    <libpart lib="0my_intf" part="MMCX">
      <description>MMCX vertical</description>
      <docs> ~</docs>
      <footprints>
        <fp>*BNC*</fp>
        <fp>*SMA*</fp>
        <fp>*SMB*</fp>
        <fp>*SMC*</fp>
        <fp>*Cinch*</fp>
      </footprints>
      <fields>
        <field name="Reference">J</field>
        <field name="Value">MMCX</field>
        <field name="Footprint">0my_footprints:MMCX_JLC</field>
        <field name="LCSC">C530664</field>
        <field name="MPN">KH-MMCX-Z</field>
      </fields>
      <pins>
        <pin num="1" name="In" type="passive"/>
        <pin num="2" name="Ext" type="passive"/>
      </pins>
    </libpart>
    <libpart lib="0my_power" part="B0305S-1WR2">
      <footprints>
        <fp>*XP?POWER?IHxxxxSH*</fp>
      </footprints>
      <fields>
        <field name="Reference">PS</field>
        <field name="Value">B0305S-1WR2</field>
        <field name="Footprint">Converter_DCDC:Converter_DCDC_muRata_CRE1xxxxxx3C_THT</field>
        <field name="LCSC">C80854</field>
        <field name="MPN">B0305S-1WR2</field>
      </fields>
      <pins>
        <pin num="1" name="-Vin" type="power_in"/>
        <pin num="2" name="+Vin" type="power_in"/>
        <pin num="3" name="0V" type="power_out"/>
        <pin num="4" name="+Vout" type="power_out"/>
      </pins>
    </libpart>
    <libpart lib="Connector" part="DB9_Female_MountingHoles">
      <description>9-pin female D-SUB connector, Mounting Hole</description>
      <docs> ~</docs>
      <footprints>
        <fp>DSUB*Female*</fp>
      </footprints>
      <fields>
        <field name="Reference">J</field>
        <field name="Value">DB9_Female_MountingHoles</field>
      </fields>
      <pins>
        <pin num="0" name="PAD" type="passive"/>
        <pin num="1" name="1" type="passive"/>
        <pin num="2" name="2" type="passive"/>
        <pin num="3" name="3" type="passive"/>
        <pin num="4" name="4" type="passive"/>
        <pin num="5" name="5" type="passive"/>
        <pin num="6" name="6" type="passive"/>
        <pin num="7" name="7" type="passive"/>
        <pin num="8" name="8" type="passive"/>
        <pin num="9" name="9" type="passive"/>
      </pins>
    </libpart>
    <libpart lib="Device" part="C">
      <description>Unpolarized capacitor</description>
      <docs>~</docs>
      <footprints>
        <fp>C_*</fp>
      </footprints>
      <fields>
        <field name="Reference">C</field>
        <field name="Value">C</field>
      </fields>
      <pins>
        <pin num="1" name="~" type="passive"/>
        <pin num="2" name="~" type="passive"/>
      </pins>
    </libpart>
    <libpart lib="Device" part="CP">
      <description>Polarized capacitor</description>
      <docs>~</docs>
      <footprints>
        <fp>CP_*</fp>
      </footprints>
      <fields>
        <field name="Reference">C</field>
        <field name="Value">CP</field>
      </fields>
      <pins>
        <pin num="1" name="~" type="passive"/>
        <pin num="2" name="~" type="passive"/>
      </pins>
    </libpart>
    <libpart lib="Device" part="Ferrite_Bead_Small">
      <description>Ferrite bead, small symbol</description>
      <docs>~</docs>
      <footprints>
        <fp>Inductor_*</fp>
        <fp>L_*</fp>
        <fp>*Ferrite*</fp>
      </footprints>
      <fields>
        <field name="Reference">FB</field>
        <field name="Value">Ferrite_Bead_Small</field>
      </fields>
      <pins>
        <pin num="1" name="~" type="passive"/>
        <pin num="2" name="~" type="passive"/>
      </pins>
    </libpart>
    <libpart lib="Device" part="Jumper">
      <description>Jumper, normally closed</description>
      <docs>~</docs>
      <footprints>
        <fp>SolderJumper*</fp>
      </footprints>
      <fields>
        <field name="Reference">JP</field>
        <field name="Value">Jumper</field>
      </fields>
      <pins>
        <pin num="1" name="1" type="passive"/>
        <pin num="2" name="2" type="passive"/>
      </pins>
    </libpart>
    <libpart lib="Device" part="Jumper_NO_Small">
      <description>Jumper, normally open, small symbol</description>
      <docs>~</docs>
      <footprints>
        <fp>SolderJumper*Open*</fp>
      </footprints>
      <fields>
        <field name="Reference">JP</field>
        <field name="Value">Jumper_NO_Small</field>
      </fields>
      <pins>
        <pin num="1" name="1" type="passive"/>
        <pin num="2" name="2" type="passive"/>
      </pins>
    </libpart>
    <libpart lib="Device" part="R">
      <description>Resistor</description>
      <docs>~</docs>
      <footprints>
        <fp>R_*</fp>
      </footprints>
      <fields>
        <field name="Reference">R</field>
        <field name="Value">R</field>
      </fields>
      <pins>
        <pin num="1" name="~" type="passive"/>
        <pin num="2" name="~" type="passive"/>
      </pins>
    </libpart>
    <libpart lib="Diode" part="BAT48JFILM">
      <aliases>
        <alias>PMEG6010CEJ</alias>
        <alias>NSR0340HT1G</alias>
        <alias>BAT60A</alias>
      </aliases>
      <description>40V 0.35A Small Signal Schottky Diode, SOD-323</description>
      <docs>www.st.com/resource/en/datasheet/bat48.pdf</docs>
      <footprints>
        <fp>D*SOD?323*</fp>
      </footprints>
      <fields>
        <field name="Reference">D</field>
        <field name="Value">BAT48JFILM</field>
        <field name="Footprint">Diode_SMD:D_SOD-323</field>
      </fields>
      <pins>
        <pin num="1" name="K" type="passive"/>
        <pin num="2" name="A" type="passive"/>
      </pins>
    </libpart>
    <libpart lib="Isolator" part="ISO1540">
      <description>I2C Isolator, 2.5 kVrms, Bidirectional clock and data, SOIC-8</description>
      <docs>http://www.ti.com/lit/ds/symlink/iso1541.pdf</docs>
      <footprints>
        <fp>SOIC*3.9x4.9mm*P1.27mm*</fp>
      </footprints>
      <fields>
        <field name="Reference">U</field>
        <field name="Value">ISO1540</field>
        <field name="Footprint">Package_SO:SOIC-8_3.9x4.9mm_P1.27mm</field>
      </fields>
      <pins>
        <pin num="1" name="VCC1" type="power_in"/>
        <pin num="2" name="SDA1" type="BiDi"/>
        <pin num="3" name="SCL1" type="BiDi"/>
        <pin num="4" name="GND1" type="power_in"/>
        <pin num="5" name="GND2" type="power_in"/>
        <pin num="6" name="SCL2" type="BiDi"/>
        <pin num="7" name="SDA2" type="BiDi"/>
        <pin num="8" name="VCC2" type="power_in"/>
      </pins>
    </libpart>
    <libpart lib="Isolator" part="ISO1541">
      <description>I2C Isolator, 2.5 kVrms, Unidirectional Clock, Bidirectional data, SOIC-8</description>
      <docs>http://www.ti.com/lit/ds/symlink/iso1541.pdf</docs>
      <footprints>
        <fp>SOIC*3.9x4.9mm*P1.27mm*</fp>
      </footprints>
      <fields>
        <field name="Reference">U</field>
        <field name="Value">ISO1541</field>
        <field name="Footprint">Package_SO:SOIC-8_3.9x4.9mm_P1.27mm</field>
      </fields>
      <pins>
        <pin num="1" name="VCC1" type="power_in"/>
        <pin num="2" name="SDA1" type="BiDi"/>
        <pin num="3" name="SCL1" type="input"/>
        <pin num="4" name="GND1" type="power_in"/>
        <pin num="5" name="GND2" type="power_in"/>
        <pin num="6" name="SCL2" type="output"/>
        <pin num="7" name="SDA2" type="BiDi"/>
        <pin num="8" name="VCC2" type="power_in"/>
      </pins>
    </libpart>
    <libpart lib="JST_lipo_adafruit" part="JST_lipo_adafruit">
      <description>Generic connector, single row, 01x02</description>
      <docs>~</docs>
      <footprints>
        <fp>Connector*:*_??x*mm*</fp>
        <fp>Connector*:*1x??x*mm*</fp>
        <fp>Pin?Header?Straight?1X*</fp>
        <fp>Pin?Header?Angled?1X*</fp>
        <fp>Socket?Strip?Straight?1X*</fp>
        <fp>Socket?Strip?Angled?1X*</fp>
      </footprints>
      <fields>
        <field name="Reference">J</field>
        <field name="Value">JST_lipo_adafruit</field>
      </fields>
      <pins>
        <pin num="1" name="+" type="passive"/>
        <pin num="2" name="-" type="passive"/>
      </pins>
    </libpart>
    <libpart lib="Jumper" part="Jumper_2_Open">
      <description>Jumper, 2-pole, open</description>
      <docs>~</docs>
      <footprints>
        <fp>SolderJumper*Open*</fp>
      </footprints>
      <fields>
        <field name="Reference">JP</field>
        <field name="Value">Jumper_2_Open</field>
      </fields>
      <pins>
        <pin num="1" name="A" type="passive"/>
        <pin num="2" name="B" type="passive"/>
      </pins>
    </libpart>
    <libpart lib="Jumper" part="Jumper_3_Open">
      <description>Jumper, 3-pole, both open</description>
      <docs>~</docs>
      <footprints>
        <fp>SolderJumper*Open*</fp>
      </footprints>
      <fields>
        <field name="Reference">JP</field>
        <field name="Value">Jumper_3_Open</field>
      </fields>
      <pins>
        <pin num="1" name="A" type="passive"/>
        <pin num="2" name="C" type="input"/>
        <pin num="3" name="B" type="passive"/>
      </pins>
    </libpart>
    <libpart lib="MH" part="MountingHole">
      <description>Generic Mounting Hole</description>
      <docs>~</docs>
      <footprints>
        <fp>Connector*:*_??x*mm*</fp>
        <fp>Connector*:*1x??x*mm*</fp>
        <fp>Pin?Header?Straight?1X*</fp>
        <fp>Pin?Header?Angled?1X*</fp>
        <fp>Socket?Strip?Straight?1X*</fp>
        <fp>Socket?Strip?Angled?1X*</fp>
        <fp>Mounting*:*</fp>
      </footprints>
      <fields>
        <field name="Reference">MH</field>
        <field name="Value">MountingHole</field>
      </fields>
      <pins>
        <pin num="1" name="Pin_1" type="passive"/>
      </pins>
    </libpart>
    <libpart lib="Transistor_BJT" part="BC817">
      <aliases>
        <alias>BC818</alias>
        <alias>BC846</alias>
        <alias>BC847</alias>
        <alias>BC848</alias>
        <alias>BC849</alias>
        <alias>BC850</alias>
        <alias>MMBT3904</alias>
        <alias>MMBT5550L</alias>
        <alias>MMBT5551L</alias>
      </aliases>
      <description>0.8A Ic, 45V Vce, NPN Transistor, SOT-23</description>
      <docs>http://www.fairchildsemi.com/ds/BC/BC817.pdf</docs>
      <footprints>
        <fp>SOT?23*</fp>
      </footprints>
      <fields>
        <field name="Reference">Q</field>
        <field name="Value">BC817</field>
        <field name="Footprint">Package_TO_SOT_SMD:SOT-23</field>
      </fields>
      <pins>
        <pin num="1" name="B" type="input"/>
        <pin num="2" name="E" type="passive"/>
        <pin num="3" name="C" type="passive"/>
      </pins>
    </libpart>
    <libpart lib="pspice" part="INDUCTOR">
      <description>Inductor symbol for simulation only</description>
      <docs>~</docs>
      <fields>
        <field name="Reference">L</field>
        <field name="Value">INDUCTOR</field>
      </fields>
      <pins>
        <pin num="1" name="1" type="input"/>
        <pin num="2" name="2" type="input"/>
      </pins>
    </libpart>
  </libparts>
  <libraries>
    <library logical="0JLC">
      <uri>/Users/nams/Documents/projects/kicad/libraries/JLC/0JLC.lib</uri>
    </library>
    <library logical="0my_actives">
      <uri>/Users/nams/Documents/projects/TES/TESelectronics/prototypes/libraries/0my_actives.lib</uri>
    </library>
    <library logical="0my_intf">
      <uri>/Users/nams/Documents/projects/TES/TESelectronics/prototypes/libraries/0my_intf.lib</uri>
    </library>
    <library logical="0my_power">
      <uri>/Users/nams/Documents/projects/TES/TESelectronics/prototypes/libraries/0my_power.lib</uri>
    </library>
    <library logical="Connector">
      <uri>/Library/Application Support/kicad/library/Connector.lib</uri>
    </library>
    <library logical="Device">
      <uri>/Library/Application Support/kicad/library/Device.lib</uri>
    </library>
    <library logical="Diode">
      <uri>/Library/Application Support/kicad/library/Diode.lib</uri>
    </library>
    <library logical="Isolator">
      <uri>/Library/Application Support/kicad/library/Isolator.lib</uri>
    </library>
    <library logical="JST_lipo_adafruit">
      <uri>/Users/nams/Documents/projects/kicad/diode-readouts/2ch-ADS112C04/parts/JST_lipo_adafruit.lib</uri>
    </library>
    <library logical="Jumper">
      <uri>/Library/Application Support/kicad/library/Jumper.lib</uri>
    </library>
    <library logical="MH">
      <uri>/Users/nams/Documents/projects/kicad/diode-readouts/2ch-ADS112C04/parts/MH.lib</uri>
    </library>
    <library logical="Transistor_BJT">
      <uri>/Library/Application Support/kicad/library/Transistor_BJT.lib</uri>
    </library>
    <library logical="pspice">
      <uri>/Library/Application Support/kicad/library/pspice.lib</uri>
    </library>
  </libraries>
  <nets>
    <net code="1" name="/Channel0/I+">
      <node ref="R12" pin="1"/>
      <node ref="JP5" pin="1"/>
      <node ref="R16" pin="2"/>
      <node ref="J1" pin="1"/>
    </net>
    <net code="3" name="/analog">
      <node ref="L1" pin="1"/>
      <node ref="C16" pin="1"/>
      <node ref="U1" pin="5"/>
      <node ref="L2" pin="1"/>
      <node ref="JP4" pin="1"/>
      <node ref="J10" pin="1"/>
    </net>
    <net code="4" name="/Channel1/I-">
      <node ref="IC2" pin="10"/>
      <node ref="R21" pin="2"/>
      <node ref="R13" pin="1"/>
      <node ref="J1" pin="5"/>
    </net>
    <net code="6" name="/Sheet6128984A/gpio1">
      <node ref="IC2" pin="14"/>
      <node ref="R11" pin="2"/>
      <node ref="U2" pin="7"/>
    </net>
    <net code="7" name="Net-(J1-Pad0)">
      <node ref="J1" pin="0"/>
      <node ref="R1" pin="1"/>
    </net>
    <net code="8" name="/Channel0/I-">
      <node ref="R12" pin="2"/>
      <node ref="J1" pin="2"/>
      <node ref="IC1" pin="10"/>
      <node ref="R7" pin="1"/>
    </net>
    <net code="9" name="/Channel1/I+">
      <node ref="J1" pin="4"/>
      <node ref="R22" pin="2"/>
      <node ref="R21" pin="1"/>
      <node ref="JP11" pin="1"/>
    </net>
    <net code="10" name="/Channel0/V-">
      <node ref="R9" pin="2"/>
      <node ref="J1" pin="7"/>
    </net>
    <net code="11" name="/Channel1/V-">
      <node ref="J1" pin="9"/>
      <node ref="R15" pin="2"/>
    </net>
    <net code="12" name="Net-(J1-Pad3)">
      <node ref="R3" pin="2"/>
      <node ref="J1" pin="3"/>
    </net>
    <net code="13" name="GND">
      <node ref="C24" pin="2"/>
      <node ref="R7" pin="2"/>
      <node ref="C14" pin="2"/>
      <node ref="C15" pin="2"/>
      <node ref="U7" pin="2"/>
      <node ref="IC1" pin="4"/>
      <node ref="IC1" pin="5"/>
      <node ref="U1" pin="2"/>
      <node ref="C7" pin="1"/>
      <node ref="C13" pin="2"/>
      <node ref="C5" pin="2"/>
      <node ref="C12" pin="2"/>
      <node ref="C2" pin="2"/>
      <node ref="C1" pin="1"/>
      <node ref="PS1" pin="3"/>
      <node ref="C23" pin="1"/>
      <node ref="C22" pin="1"/>
      <node ref="JP14" pin="1"/>
      <node ref="JP12" pin="1"/>
      <node ref="C27" pin="1"/>
      <node ref="J10" pin="2"/>
      <node ref="U8" pin="5"/>
      <node ref="J7" pin="2"/>
      <node ref="J6" pin="2"/>
      <node ref="C20" pin="1"/>
      <node ref="C26" pin="1"/>
      <node ref="C16" pin="2"/>
      <node ref="U2" pin="5"/>
      <node ref="C21" pin="1"/>
      <node ref="JP6" pin="1"/>
      <node ref="C8" pin="1"/>
      <node ref="C9" pin="2"/>
      <node ref="C17" pin="2"/>
      <node ref="C18" pin="1"/>
      <node ref="IC2" pin="5"/>
      <node ref="IC2" pin="4"/>
      <node ref="R13" pin="2"/>
      <node ref="R3" pin="1"/>
      <node ref="R1" pin="2"/>
      <node ref="JP8" pin="1"/>
    </net>
    <net code="14" name="Net-(MH1-Pad1)">
      <node ref="MH1" pin="1"/>
    </net>
    <net code="15" name="Net-(MH2-Pad1)">
      <node ref="MH2" pin="1"/>
    </net>
    <net code="16" name="Net-(MH3-Pad1)">
      <node ref="MH3" pin="1"/>
    </net>
    <net code="17" name="Net-(MH4-Pad1)">
      <node ref="MH4" pin="1"/>
    </net>
    <net code="18" name="VD">
      <node ref="R23" pin="1"/>
      <node ref="C5" pin="1"/>
      <node ref="R5" pin="1"/>
      <node ref="R6" pin="1"/>
      <node ref="R20" pin="1"/>
      <node ref="JP8" pin="3"/>
      <node ref="JP4" pin="2"/>
      <node ref="JP3" pin="1"/>
      <node ref="IC1" pin="13"/>
      <node ref="JP12" pin="3"/>
      <node ref="U8" pin="8"/>
      <node ref="C20" pin="2"/>
      <node ref="IC2" pin="13"/>
      <node ref="C26" pin="2"/>
      <node ref="C17" pin="1"/>
      <node ref="JP6" pin="3"/>
      <node ref="JP14" pin="3"/>
      <node ref="U2" pin="8"/>
      <node ref="R10" pin="1"/>
      <node ref="R11" pin="1"/>
    </net>
    <net code="19" name="/scl">
      <node ref="JP7" pin="1"/>
      <node ref="IC2" pin="16"/>
      <node ref="JP13" pin="1"/>
      <node ref="U8" pin="6"/>
      <node ref="R5" pin="2"/>
      <node ref="IC1" pin="16"/>
    </net>
    <net code="20" name="/sda">
      <node ref="R6" pin="2"/>
      <node ref="IC1" pin="15"/>
      <node ref="JP7" pin="3"/>
      <node ref="JP13" pin="3"/>
      <node ref="IC2" pin="15"/>
      <node ref="U8" pin="7"/>
    </net>
    <net code="21" name="/Channel0/V+">
      <node ref="R8" pin="2"/>
      <node ref="J1" pin="6"/>
      <node ref="J6" pin="1"/>
    </net>
    <net code="22" name="/Channel1/V+">
      <node ref="R14" pin="2"/>
      <node ref="J1" pin="8"/>
      <node ref="J7" pin="1"/>
    </net>
    <net code="23" name="/Sheet6128984A/gpio0">
      <node ref="IC1" pin="14"/>
      <node ref="R10" pin="2"/>
      <node ref="U2" pin="6"/>
    </net>
    <net code="24" name="/Channel0/Vpower">
      <node ref="L1" pin="2"/>
      <node ref="IC1" pin="12"/>
      <node ref="C7" pin="2"/>
    </net>
    <net code="25" name="/Channel0/A0">
      <node ref="JP6" pin="2"/>
      <node ref="JP7" pin="2"/>
      <node ref="IC1" pin="1"/>
    </net>
    <net code="26" name="/Channel0/AIN0">
      <node ref="JP5" pin="2"/>
      <node ref="R16" pin="1"/>
      <node ref="IC1" pin="11"/>
    </net>
    <net code="27" name="/Channel0/A1">
      <node ref="IC1" pin="2"/>
      <node ref="JP8" pin="2"/>
    </net>
    <net code="28" name="Net-(C2-Pad1)">
      <node ref="C2" pin="1"/>
      <node ref="R9" pin="1"/>
      <node ref="IC1" pin="6"/>
      <node ref="C3" pin="2"/>
    </net>
    <net code="29" name="Net-(C4-Pad2)">
      <node ref="C4" pin="2"/>
      <node ref="IC1" pin="8"/>
    </net>
    <net code="30" name="Net-(C4-Pad1)">
      <node ref="C4" pin="1"/>
      <node ref="IC1" pin="9"/>
    </net>
    <net code="31" name="Net-(C1-Pad2)">
      <node ref="IC1" pin="7"/>
      <node ref="R8" pin="1"/>
      <node ref="C3" pin="1"/>
      <node ref="C1" pin="2"/>
    </net>
    <net code="32" name="Net-(C21-Pad2)">
      <node ref="IC1" pin="3"/>
      <node ref="C21" pin="2"/>
      <node ref="R20" pin="2"/>
    </net>
    <net code="33" name="/Channel1/Vpower">
      <node ref="IC2" pin="12"/>
      <node ref="C18" pin="2"/>
      <node ref="L2" pin="2"/>
    </net>
    <net code="34" name="/Channel1/A0">
      <node ref="IC2" pin="1"/>
      <node ref="JP13" pin="2"/>
      <node ref="JP12" pin="2"/>
    </net>
    <net code="35" name="/Channel1/AIN0">
      <node ref="IC2" pin="11"/>
      <node ref="JP11" pin="2"/>
      <node ref="R22" pin="1"/>
    </net>
    <net code="36" name="/Channel1/A1">
      <node ref="JP14" pin="2"/>
      <node ref="IC2" pin="2"/>
    </net>
    <net code="37" name="Net-(C10-Pad2)">
      <node ref="R15" pin="1"/>
      <node ref="IC2" pin="6"/>
      <node ref="C10" pin="2"/>
      <node ref="C9" pin="1"/>
    </net>
    <net code="38" name="Net-(C11-Pad2)">
      <node ref="IC2" pin="8"/>
      <node ref="C11" pin="2"/>
    </net>
    <net code="39" name="Net-(C11-Pad1)">
      <node ref="IC2" pin="9"/>
      <node ref="C11" pin="1"/>
    </net>
    <net code="40" name="Net-(C10-Pad1)">
      <node ref="R14" pin="1"/>
      <node ref="C10" pin="1"/>
      <node ref="IC2" pin="7"/>
      <node ref="C8" pin="2"/>
    </net>
    <net code="41" name="Net-(C27-Pad2)">
      <node ref="R23" pin="2"/>
      <node ref="IC2" pin="3"/>
      <node ref="C27" pin="2"/>
    </net>
    <net code="42" name="Net-(D1-Pad2)">
      <node ref="J2" pin="1"/>
      <node ref="J3" pin="1"/>
      <node ref="D1" pin="2"/>
    </net>
    <net code="43" name="/Sheet605654E7/i2c_power">
      <node ref="C6" pin="1"/>
      <node ref="L3" pin="2"/>
      <node ref="D2" pin="1"/>
      <node ref="D1" pin="1"/>
    </net>
    <net code="44" name="VCC">
      <node ref="J5" pin="2"/>
      <node ref="R19" pin="2"/>
      <node ref="R18" pin="2"/>
      <node ref="C25" pin="1"/>
      <node ref="C19" pin="1"/>
      <node ref="U2" pin="1"/>
      <node ref="D2" pin="2"/>
      <node ref="J8" pin="2"/>
      <node ref="U8" pin="1"/>
      <node ref="J4" pin="2"/>
      <node ref="R2" pin="2"/>
      <node ref="R4" pin="2"/>
    </net>
    <net code="45" name="Net-(C13-Pad1)">
      <node ref="R17" pin="2"/>
      <node ref="C13" pin="1"/>
      <node ref="Q1" pin="1"/>
    </net>
    <net code="46" name="GNDPWR">
      <node ref="U8" pin="4"/>
      <node ref="J4" pin="1"/>
      <node ref="J2" pin="2"/>
      <node ref="J8" pin="1"/>
      <node ref="U2" pin="4"/>
      <node ref="C19" pin="2"/>
      <node ref="PS1" pin="1"/>
      <node ref="C6" pin="2"/>
      <node ref="C25" pin="2"/>
      <node ref="J5" pin="1"/>
      <node ref="J3" pin="2"/>
    </net>
    <net code="47" name="Net-(L3-Pad1)">
      <node ref="PS1" pin="2"/>
      <node ref="L3" pin="1"/>
    </net>
    <net code="48" name="Net-(C12-Pad1)">
      <node ref="Q1" pin="3"/>
      <node ref="R17" pin="1"/>
      <node ref="JP2" pin="1"/>
      <node ref="C12" pin="1"/>
      <node ref="C22" pin="2"/>
      <node ref="C23" pin="2"/>
      <node ref="PS1" pin="4"/>
    </net>
    <net code="49" name="Net-(U1-Pad4)">
      <node ref="U1" pin="4"/>
    </net>
    <net code="50" name="Net-(U7-Pad4)">
      <node ref="U7" pin="4"/>
    </net>
    <net code="51" name="Net-(C14-Pad1)">
      <node ref="U1" pin="3"/>
      <node ref="U1" pin="1"/>
      <node ref="Q1" pin="2"/>
      <node ref="U7" pin="1"/>
      <node ref="C14" pin="1"/>
      <node ref="U7" pin="3"/>
      <node ref="C15" pin="1"/>
      <node ref="JP2" pin="2"/>
    </net>
    <net code="52" name="Net-(C24-Pad1)">
      <node ref="JP3" pin="2"/>
      <node ref="U7" pin="5"/>
      <node ref="C24" pin="1"/>
    </net>
    <net code="53" name="Net-(J4-Pad3)">
      <node ref="U8" pin="2"/>
      <node ref="J5" pin="3"/>
      <node ref="J4" pin="3"/>
      <node ref="R18" pin="1"/>
    </net>
    <net code="54" name="Net-(J4-Pad4)">
      <node ref="U8" pin="3"/>
      <node ref="R19" pin="1"/>
      <node ref="J4" pin="4"/>
      <node ref="J5" pin="4"/>
    </net>
    <net code="55" name="Net-(J8-Pad3)">
      <node ref="R2" pin="1"/>
      <node ref="U2" pin="2"/>
      <node ref="J8" pin="3"/>
    </net>
    <net code="56" name="Net-(J8-Pad4)">
      <node ref="R4" pin="1"/>
      <node ref="U2" pin="3"/>
      <node ref="J8" pin="4"/>
    </net>
  </nets>
</export>
